bank_id,category_id,offer_title,merchant_details,merchant_contact,merchant_locations,offer_details_1,offer_details_2,offer_validity,discount,image_url,more_details_url
3,1,BUY A CLASSIC OR ABOVE RANGE LARGE PAN PIZZA & GET A DELIGHT RANGE LARGE PAN PIZZA FREE AT PIZZA HUT,Pizza Hut,0112729729,All Pizza Hut outlets excluding BIA (Katunayake) outlet,"Valid for Dine-In, Takeaway, Delivery & Online orders
Max. 2 Pizzas can be purchased per card per day
Offer cannot be combined with any other promotions
FREE Delight Range Large Pan Pizza will be offered for Classic or above range Large Pan Pizza purchases only",HNB Credit Cards,15th January 2025 (3rd Wednesday),Buy a Classic or above range Large Pan Pizza & get a Delight Range Large Pan Pizza FREE,https://www.hnb.net/images/cardpromotions/pizza-hut-new-logo.jpg,https://www.hnb.net/personal/promotions/card-promotions/dining/credit-cards/pizza-hut
3,1,20% OFF AT THE KINGSBURY INDULGENCE FOR DELIVERY AND TAKE-AWAY,The Kingsbury Colombo,0771087720 / 0112421221,,"Maximum discount will be LKR 5,000 per card order
Offer cannot be combined with any other offers
Offer is not valid for promotional items
Offer is not valid on festive days and special promotional events
Offer is valid for food items except beverages",All HNB Credit Cards,02nd January to 28th February 2025,20% off at The Kingsbury Indulgence - https://indulgence.thekingsburyhotel.com for delivery and take-away,https://www.hnb.net/images/cardpromotions/kingsbury-logo.jpg,https://www.hnb.net/personal/promotions/card-promotions/dining/credit-cards/the-kingsbury-colombo
3,1,"20% OFF ON DINE-IN AT HARBOUR COURT, OCEAN, YUE-CHUAN, TENKU & KINGS STEAK BAR RESTAURANTS - THE KINGSBURY COLOMBO","The Kingsbury Colombo - Harbour Court, Ocean, Yue-Chuan, Tenku & Kings Steak Bar",0771087720 / 0112421221,"Harbour Court
Ocean
Yue-Chuan
Tenku
Kings Steak Bar","Maximum discount will be LKR 6,000 per card order
Offer cannot be combined with any other offers
Offer is not valid for promotional items
Offer is not valid on festive days and special promotional events
Offer is valid for food items except beverages",All HNB Credit Cards,02nd January to 28th February 2025,20% off on dine-in (food only),https://www.hnb.net/images/cardpromotions/kingsbury-logo.jpg,"https://www.hnb.net/personal/promotions/card-promotions/dining/credit-cards/the-kingsbury-colombo-harbour-court,-ocean,-yue-chuan-tenku"
3,1,20% OFF ON DINE-IN AND DELIVERY AT WATERS EDGE,Waters Edge,"Boardwalk - 0775622578
Dine@Home - for online orders - 0706003344
Thuna Paha - 0773222462
Pranzo - 0112863863
Diyatha Station -  0112863863
Bakery at the Edge & Lake -  0112863863","Battaramulla
 
Website: www.watersedge.lk/delivery for online orders","Discount cannot be combined with any other offers or promotions
Maximum discount available bill value will be LKR 30,000 per day
Offer will not be available for Liquor, Tobacco and Beverages
Offer will be excluded on special promotional days and festive dates
Offer is excluded on special events",All HNB Credit Cards,01st January to 28th February 2025,"20% off for dine-in at,
Thuna Paha
Boardwalk 
Pranzo 
Diyatha Station
Bakery at the Edge & Lake – Only for full cakes
20% off for delivery at,
Dine@Home - www.watersedge.lk/delivery",https://www.hnb.net/images/cardpromotions/waters-edge.jpg,https://www.hnb.net/personal/promotions/card-promotions/dining/credit-cards/waters-edge-2
3,1,20% OFF ON DINE-IN AT SELECTED CINNAMON GRAND COLOMBO RESTAURANTS,Cinnamon Grand Colombo,"0112437437
0112320001
0112421171
0765604972",,"Maximum discount will be LKR 10,000 per card per day
Offer excluded on gift vouchers and cannot be combined with other offers
Offer is not valid on festive days and special promotional events",All HNB Credit Cards,01st January to 28th February 2025,"20% off on dine-in at,
Breeze Bar
Cheers
Lagoon
Nuga Gama
Plates",https://www.hnb.net/images/cardpromotions/cinnamon-grand-logo.jpg,https://www.hnb.net/personal/promotions/card-promotions/dining/credit-cards/cinnamon-grand-colombo
3,1,"20% OFF ON DINE-IN AT AYU, ROBATA GRILL AND ADITYAA RESTAURANTS (NH COLLECTION)",NH Collection,"0764014738  
0766995707 
0117450450",Colombo 03,"Offer cannot be combined with any other offers or promotions
Offer will not be available for Beverages and Tobacco
Offer is not valid for during special food promotions
Card holder is not allowed to book on behalf of a third party and must dine at the designated outlet.
Offer is available for min. 5 pax and above per card
Offer is not valid on festive days and special promotional events",All HNB Credit Card,Till 28th February 2025,"20% off on dine-in at (Min. 5 pax and above),
AYU
Robata Grill 
Adityaa",https://www.hnb.net/images/cardpromotions/nh-collection-new.png,https://www.hnb.net/personal/promotions/card-promotions/dining/credit-cards/ayu-robata-grill-and-adityaa-restaurants-nh-collection
3,1,20% OFF ON DINE-IN AT IN….ON THE GREEN RESTAURANT - THE GALLE FACE HOTEL,The Galle Face Hotel,0117541010,In….On The Green Restaurant - The Galle Face Hotel,"Discount will be available food bill for dine-in only
Maximum discount available bill value will be LKR 30,000 per card per day per bill
Maximum 01 transaction per card per table
Offer is not valid on festive days and special promotional events
Payments for this offer must be made directly at the restaurant venue and are advised that this offer cannot be charged to their room account (For In-House guests)
Offer cannot be combined with any other offers","HNB Credit CardsSpecial Terms & Conditions:


Discount will be available food bill for dine-in only


Maximum discount available bill value will be LKR 30,000 per card per day per bill


Maximum 01 transaction per card per table


Offer is not valid on festive days and special promotional events 


Payments for this offer must be made directly at the restaurant venue and are advised that this offer cannot be charged to their room account (For In-House guests)


Offer cannot be combined with any other offers",01st January to 28th February 2025,20% off on food for dine-in at In….On The Green Restaurant,https://www.hnb.net/images/cardpromotions/galle-face-hotel.jpg,https://www.hnb.net/personal/promotions/card-promotions/dining/credit-cards/the-galle-face-hotel
3,1,20% OFF ON DINE-IN AT RAMADA HOTEL RESTAURANTS,Alhambra Indian Restaurant & Gardenia Main Restaurant at Ramada Hotel,0777864864,"Gardenia Main Restaurant
Alhambra Indian Restaurant","Offer is NOT valid for gift vouchers, liquor and tobacco products
Maximum bill value will be Rs. 25,000/-
Offer cannot be combined with any other special offers/promotions.
Discount is not valid for corporate outings
Valid on food for High tea buffet, Moghul dinner buffet, International Dinner buffet and A la carte
Valid for Dine-in only
Valid for per card per bill
Not applicable at Not applicable at Baked/Oasis and Secret Garden
Offer is not valid on festive days and special promotional events including Valentine's day",HNB Credit Cards,01st January to 28th February 2025,20% off on food for dine-in (valid for High tea buffet/Moghul dinner buffet/International Dinner buffet/A la carte),https://www.hnb.net/images/cardpromotions/ramada-colombo-logo.jpg,https://www.hnb.net/personal/promotions/card-promotions/dining/credit-cards/alhambra-indian-restaurant-gardenia-main-restaurant-at-ramada-hotel
3,1,20% OFF ON DINE-IN AT TAJ SAMUDRA HOTEL RESTAURANTS,Taj Samudra,0112446622,Colombo 03,"Offer cannot be combined with any other offers
Offer will be available on food only
Offer is not valid on festive days and special promotional events
Maximum discount value will be LKR 5,000 per card per day",HNB Credit Cards,01st January to 28th February 2025,"20% off on A la carte and Buffet for Lunch and Dinner (food only) at,
Ports of Call
Golden Dragon
YUMI
Navratna",https://www.hnb.net/images/cardpromotions/taj-samudra-colombo.jpg,https://www.hnb.net/personal/promotions/card-promotions/dining/credit-cards/taj-samudra
3,1,"20% OFF ON ORDERS ABOVE LKR 3,000 AT SELECTED CHINESE DRAGON CAFE OUTLETS",Chinese Dragon Cafe - selected outlets,0117808080 (Promo code: CNHP),"Bambalapitiya
Rajagiriya
Mount Lavinia
Nugegoda
Pelawatta
Wattala","Minimum per order value will be LKR 3,000 (Except online orders)
Maximum discount available order value will be LKR 20,000 (Except online orders)
It is mandatory to mention the promo code to avail the promotion
This Promotion cannot be combined with any other promotions or food offers
Offer not applicable for Dragon Packs category
Offer is not applicable at Kandana & Kaduwela outlets",All HNB Credit cards,Till 25th to 31st January 2025,"20% off on orders above LKR 3,000 for dine-in, delivery and take-away",https://www.hnb.net/images/cardpromotions/chinese-dragon-logo-new.png,https://www.hnb.net/personal/promotions/card-promotions/dining/credit-cards/chinese-dragon-cafe
3,1,"20% OFF ON FOOD FOR DINE-IN AT CINNAMON RED, COLOMBO",Cinnamon Red,0712145145,"Flavoured Restaurant, Cinnamon Red, Colombo","The maximum number of covers will be 40 for which the card holder can avail of the discount and No combinations of cards (2 or more) will be permitted for groups.
The card holder needs to be present in order avail of the discount.
Maximum discount available bill value will be LKR 25,000 per card per day.
If an advance is paid for a dinner reservation, both the advance & the final payment needs to be made via an HNB credit card in order to avail of the discount.
The management reserves the right to change the dinner buffet set up to a dinner set menu - ala carte , depending on the number of reservations placed on the day. The card holder will then reserve the right to avail of the discount for the dinner set menu ala carte in the absence of the buffet.
Offer is not valid on festive days and special promotional events",HNB Credit Cards,04th January to 28th February 2025,"20% off on food for dinner buffet
20% off on Lunch ala carte",https://www.hnb.net/images/cardpromotions/cinnamon-reb-logo.jpg,https://www.hnb.net/personal/promotions/card-promotions/dining/credit-cards/cinnamon-red
3,1,10% OFF ON LUNCH AND DINNER BUFFET AT THE BLUE ORBIT BY CITRUS RESTAURANT - COLOMBO LOTUS TOWER,The Blue Orbit by Citrus restaurant - Colombo Lotus Tower,"0765 444 111
0765 443 333","27th Floor, The Blue Orbit by Citrus restaurant - Colombo Lotus Tower","Offer cannot be combined with any other offers, gift vouchers and ongoing offers
Maximum of 4 members are allowed per card
A prior reservation is mandatory to obtain the discount at the restaurant
Offer is not valid on festive days and special promotional events",All HNB Credit Cards,Till 31st January 2025,10% off on lunch and dinner buffet for food,https://www.hnb.net/images/cardpromotions/blue-orbit.png,https://www.hnb.net/personal/promotions/card-promotions/dining/credit-cards/the-blue-orbit-by-citrus-restaurant-colombo-lotus-tower
3,1,20% OFF ON DINE-IN & TAKE-AWAY AT BURGER KING RESTAURANTS (EVERY FRIDAY),Burger King,0112123123,Offer available locations,"Offer cannot be combined with any other offers
Maximum discount will be LKR 5,000 per transaction per day
Offer cannot be combined with any other offers, delivery orders and not applicable for ongoing offers and discounted promotions
Offer is excluded on gift voucher purchases",All HNB Credit Cards,03rd to 31st January 2025 (Every Friday),20% off on total bill for dine-in & take-away,https://www.hnb.net/images/cardpromotions/burger-king-logo.jpg,https://www.hnb.net/personal/promotions/card-promotions/dining/credit-cards/burger-king
3,1,20% OFF ON DINE-IN & TAKE-AWAY AT POPEYES RESTAURANTS (EVERY FRIDAY),Popeyes,0112 123 123,"GLOMARK, Mt. Lavinia (Basement)
Bambalapitiya
Negombo
Odel Mall Peradeniya","Offer cannot be combined with any other offers
Maximum discount will be LKR 5,000 per transaction per day
Offer cannot be combined with any other offers, delivery orders and not applicable for ongoing offers and discounted promotions
Offer is excluded on gift voucher purchases",All HNB Credit Cards,03rd to 31st January 2025 (Every Friday),20% off on total bill for dine-in & take-away,https://www.hnb.net/images/cardpromotions/popeyes-new-logos.jpg,https://www.hnb.net/personal/promotions/card-promotions/dining/credit-cards/popeyes
3,1,20% OFF ON DINE-IN & TAKE-AWAY AT BASKIN ROBBINS RESTAURANTS (EVERY FRIDAY),Baskin Robbins,0112123123,"Bambalapitiya
Odel Ward Place
Mt. Lavinia (Glomark)
OGF
Havelock Mall
Maharagama
Odel Mall Kandy
KCC
Jaffna","Offer cannot be combined with any other offers
Maximum discount will be LKR 5,000 per transaction per day
Offer cannot be combined with any other offers, delivery orders and not applicable for ongoing offers and discounted promotions
Offer is excluded on gift voucher purchases",All HNB Credit Cards,03rd to 31st January 2025 (Every Friday),20% off on total bill for dine-in & take-away,https://www.hnb.net/images/cardpromotions/baskin-robbins-logo-new.jpg,https://www.hnb.net/personal/promotions/card-promotions/dining/credit-cards/baskin-robbins-cc
3,1,20% OFF ON DINE-IN & TAKE-AWAY AT DELIFRANCE (EVERY FRIDAY),Delifrance,0112123123,"ODEL - Alexandra Place, Colombo - 07
OGF","Offer cannot be combined with any other offers
Maximum discount will be LKR 5,000 per transaction per day
Offer cannot be combined with any other offers, delivery orders and not applicable for ongoing offers and discounted promotions
Offer is excluded on gift voucher purchases",HNB Credit Cards,03rd to 31st January 2025 (Every Friday),20% off on dine-in & take-away from the total bill,https://www.hnb.net/images/cardpromotions/delifrance-logo-new.jpg,https://www.hnb.net/personal/promotions/card-promotions/dining/credit-cards/delifrance
3,1,20% OFF ON DINE-IN & TAKE-AWAY AT SUBWAY (EVERY FRIDAY),Subway,0112123123,"Rajagiriya
Mount Lavinia
Colombo 03
Havelock City Mall","Offer cannot be combined with any other offers
Maximum discount will be LKR 5,000 per transaction per day
Offer cannot be combined with any other offers, delivery orders and not applicable for ongoing offers and discounted promotions
Offer is excluded on gift voucher purchases",All HNB Credit cards,03rd  to 31st January 2025 (Every Friday),20% off on Dine-in & Take-away from the total bill,https://www.hnb.net/images/cardpromotions/subway-logo.jpg,https://www.hnb.net/personal/promotions/card-promotions/dining/credit-cards/subway
3,1,20% OFF ON DINE-IN & TAKE-AWAY AT CRYSTAL JADE (EVERY FRIDAY),Crystal Jade,0112123123,One Galle Face Mall,"Offer cannot be combined with any other offers
Maximum discount will be LKR 5,000 per transaction per day
Offer cannot be combined with any other offers, delivery orders and not applicable for ongoing offers and discounted promotions
Offer is excluded on gift voucher purchases",HNB Credit Cards,03rd  to 31st January 2025 (Every Friday),20% off on dine-in & take-away from the total bill,https://www.hnb.net/images/cardpromotions/crystal-jade-logo-new.jpg,https://www.hnb.net/personal/promotions/card-promotions/dining/credit-cards/crystal-jade
3,1,20% OFF ON DINE-IN AT ISSO RESTAURANT,ISSO Restaurant,0773525154,"Colombo 03
Battaramulla
Weligama 
CCC Mall - 2nd Floor 
Trincomalee","Offer cannot be combined with any other offer.
Maximum discount available bill value will be LKR 25,000 per card per day.","Eligibility: All HNB Credit Cards
 

Contact: 0773525154
 
Special Terms & Conditions:



Offer cannot be combined with any other offer.


Maximum discount available bill value will be LKR 25,000 per card per day. 




General Terms & Conditions

The promotions are open to all holders of Mastercard and Visa Credit Cards issued by Hatton National Bank PLC.
The card member(s) is/are to settle the total bill via their HNB Mastercard and Visa Credit Card to be eligible for the discount offered.
The offers cannot be exchanged for cash and/or used in conjunction with any other promotional programs or offers provided by service establishment involved in this promotion.
Hatton National Bank PLC reserves the right to withdraw, modify or change all or any of the rules, terms & conditions applicable to this promotion at any given time without prior notice.
If any dispute arises regarding any of the terms and conditions contained herewith, the decision of the respective service establishment and Hatton National Bank PLC shall be final.
The promotion is bound by the terms & conditions of the respective service establishment and Hatton National Bank PLC.
Hatton National Bank PLC accepts no liability for the quality of goods and services provided by the service establishments involved in this promotion since the Bank is not the supplier of such goods and services.
The General Credit Card terms and conditions will continue to apply.",01st to 31st January 2025,20% off on dine-in for total bill,https://www.hnb.net/images/cardpromotions/isso-restaurant-logo.png,https://www.hnb.net/personal/promotions/card-promotions/dining/credit-cards/isso-restaurant
3,1,20% OFF ON DINE-IN AT CAFÉ NOIR,Café Noir,"076-0523006
0112 -787848","Pelawatta
Colombo 05 
Colombo 03","Offer cannot combine with any other promotions.
Maximum discount available bill value Rs. 25,000.00 per card per day.",All HNB Credit Cardholders,12th to 15th January 2025,20% off on total bill for dine-in,https://www.hnb.net/images/cardpromotions/cafe-noir-gold-logo.jpg,https://www.hnb.net/personal/promotions/card-promotions/dining/credit-cards/café-noir
3,1,"20% OFF ON BILLS ABOVE LKR 3,000 FOR A LA CARTE AT GREATWALL RESTAURANTS",Greatwall Restaurants,,"Colombo 07 - Dine-in only
Pelawatte - Dine-in only
Kalubowila - Dine-in and Take-away only","Valid for bills above LKR 3,000 on A La Carte menu
One transaction per day per card
Offer cannot be combined with any other offers",All HNB Credit & Debit Cards,01st to 31st January 2025,"20% off on bills above LKR 3,000 for A La Carte (Dine-in and Take-away)",https://www.hnb.net/images/cardpromotions/greatwall-restaurants.jpg,https://www.hnb.net/personal/promotions/card-promotions/dining/credit-cards/greatwall-restaurants
3,1,BUY ONE GET ONE FREE À LA CARTE MENU ITEM (FREE À LA CARTE MENU DEAL WILL BE SAME AS PURCHASED) AT TACO BELL,Taco Bell Cuisine Type: Fast food,0112738738,"Horton Place
Negombo
Rajagiriya
Nugegoda
Kottawa
Kiribathgoda
Piliyandala
Kurunegala
Havelock City Mall","Offer valid on dine-in. take-away and delivery
Offer has been shifted from 2nd Tuesday to 4th Wednesday",HNB Credit Cards,22nd January 2025 (4th Wednesday),"Buy One Get One Free À la carte menu item (Free à la carte menu deal will be same as purchased)
À la carte menu:
Soft Taco 
Crunchy Taco 
Naked Chicken Taco 
Loaded Griller 
Quesadilla 
Chalupa  
Classic Burrito 
Rice Bowl 
Cravings Burrito Roll
Cravings Loaded Griller Roll
Cravings Soft Taco 
(Free item will be same as purchased item)",https://www.hnb.net/images/cardpromotions/taco-bell-new-logo.jpg,https://www.hnb.net/personal/promotions/card-promotions/dining/credit-cards/taco-bell
3,1,10% OFF ON TOTAL BILL FOR DINING AT CEYLON CURRY CLUB,Ceylon Curry Club,"0773393391
0114266363",Colombo 01,"Offer cannot be combined with any other offer
Excluding date - 24th & 25th & 31st December 2024",All HNB Credit / Debit Cards,Till 28th February 2025,10% off on total bill for dining,https://www.hnb.net/images/cardpromotions/ceylon-curry-club.jpg,https://www.hnb.net/personal/promotions/card-promotions/dining/credit-cards/ceylon-curry-club
3,1,10% OFF ON TOTAL BILL FOR DINING AT HELADIV TEA CLUB,Heladiv Tea Club,0772673873,Colombo 01,"Offer cannot be combined with any other offer
Excluding date - 24th & 25th & 31st December 2024",All HNB Credit / Debit Cards,Till 28th February 2025,10% off on total bill for dining,https://www.hnb.net/images/cardpromotions/heladiv-tea-club.jpg,https://www.hnb.net/personal/promotions/card-promotions/dining/credit-cards/heladiv-tea-club
3,1,20% OFF ON TOTAL BILL AT JADE RESTAURANTS FOR DINE-IN & TAKE AWAY,Jade Restaurant,0112818181,"Maharagama
Jubilee Post","Maximum bill value is Rs.25,000
Minimum bill value is Rs.4,000 per order
Maximum discount is Rs.5,000 per card per day
Discount is not valid on Set Menu packs & Delivery Orders.
One transaction per card, per day
Offer will be excluded for special events
Offer is excluded on special events including Valentine's day",HNB Credit cards,01st January to 28th February 2025,"20% off on total bill over Rs.4,000 for Dine-in & Take Away",https://www.hnb.net/images/cardpromotions/jade-restaurant.jpg,https://www.hnb.net/personal/promotions/card-promotions/dining/credit-cards/jade-restaurant-oct-dec
3,1,"20% OFF ON DINE-IN, DELIVERY AND TAKE-AWAY ORDERS AT MAHARAJA PALACE RESTAURANT",Maharaja Palace Cuisine Type: Indian Restaurant,0114886000,Colombo 07,"Maximum bill value will be Rs.25,000 per card per day.
Offer will not be available for special events.
Offer is excluded on special events including Valentine's day",HNB Credit Cards,Till 28th February 2025,"20% off on dine-in, delivery and take-away orders",https://www.hnb.net/images/cardpromotions/maharaja-palace-logo.jpg,https://www.hnb.net/personal/promotions/card-promotions/dining/credit-cards/maharaja-palace
3,1,20% OFF ON FOOD FOR DINE-IN & TAKE-AWAY AT THE MANGO TREE,The Mango Tree,0117620620,"No.10, Deal Place A, Colombo 3
The Grove, Kirulapone","Maximum bill value will be up to LKR 25,000 per card per day.
Offer will not be available during Christmas events.
Offer is excluded on special events including Valentine's day",HNB Credit Cards,Till 28th February 2025,20% off on food for dine-in & take-away,https://www.hnb.net/images/cardpromotions/mango-tree.jpg,https://www.hnb.net/personal/promotions/card-promotions/dining/credit-cards/the-mango-tree
3,1,15% OFF ON DINING AT THE BLUE WATER WADDUWA,The Blue Water Wadduwa,"0768893696
0768893693","Dragon Boat Restaurant
Admirals Room Restaurant
Seven Seas Coffee Shop","Card member(s) must settle the total bill using their credit card to avail of the discount at the time of payment.
The offers cannot be exchanged for cash and/or used in conjunction with any other promotional programs or offers provided by the service establishment involved in this promotion.
The offer cannot be combined with any other promotion.",All HNB Credit Cards,Till 15th January 2025,15% off on dining,https://www.hnb.net/images/cardpromotions/blue-water-hotel-and-spa-logo.jpg,https://www.hnb.net/personal/promotions/card-promotions/dining/credit-cards/the-blue-water-wadduwa
3,1,20% OFF ON FOOD AND BEVERAGES AT PAPPARICH,PappaRich,0712910910,"Havelock City Mall
Park Street
Nawala
Thalawathugoda","Maximum bill value will be Rs. 25,000/- per card, per day
Delivery Available",HNB Credit Cards,Till 28th February 2025,"20% off on the total bill for food and beverages
Valid on Dine-in ,Take-Away & Delivery",https://www.hnb.net/images/cardpromotions/papparich.jpg,https://www.hnb.net/personal/promotions/card-promotions/dining/credit-cards/papparich
3,1,10% OFF ON FOOD AND BEVERAGE ITEMS AT JOHN'S CAFE & GELATI,John's Cafe & Gelati,0773399434,Mount Lavinia,Offer cannot be combined with any other offers.,All HNB Credit and Debit Cards,Till 28th February 2025,10% off on food and beverage items,https://www.hnb.net/images/cardpromotions/john-s-cafe-gelati-new-logo.jpg,https://www.hnb.net/personal/promotions/card-promotions/dining/credit-cards/john-s-cafe-gelati
3,1,"20% OFF ON BILLS ABOVE LKR 3,000 FOR DINE-IN AND TAKEAWAY AT SECONDS HOSTEL & RESTAURANT, COLOMBO 05",Seconds Hostel & Restaurant,0778785871,Colombo 05,"Offer cannot be combined with any other offers or promotions.
Minimum offer available bill value will be LKR 3,000 per card per day.
Maximum offer available bill value will be LKR 25,000 per card per day.",All HNB Credit Cards,17th January to 28th February 2025,"20% off on bills above LKR 3,000 for dine-in and takeaway",https://www.hnb.net/images/cardpromotions/seconds-hostel-restaurant.jpg,https://www.hnb.net/personal/promotions/card-promotions/dining/credit-cards/seconds-hostel-restaurant
3,1,UP TO 15% OFF ON FOOD AND BEVERAGE AT THE OCEAN COLOMBO,The Ocean Colombo,,"Cloud  9  Rooftop Lounge Bar at The Ocean Colombo
 
Reservations : 
0117110100 
0776350943","Offer cannot be combined with any other offer.
Offer valid food and beverages only",All HNB Credit / Debit Cards,Till 31st January 2025,Up to 15% off on food and beverage,https://www.hnb.net/images/cardpromotions/the-ocean-colombo-new.jpg,https://www.hnb.net/personal/promotions/card-promotions/dining/credit-cards/the-ocean-colombo
3,1,15% OFF ON FOOD & BEVERAGE AT AMAGI ARIA - CATAMARAN RESTAURANT,Amagi Aria - Catamaran Restaurant,"0312238385 
0707007744
0707007711",Negombo,"Offer cannot be combined with any other existing offers
Minimum bill value will be LKR 5,000 per card per day
Offer is not valid on public Holidays",All HNB Credit Card,25th November to 31st January 2025 (Monday to Thursday),15% off on food & beverage,https://www.hnb.net/images/cardpromotions/amagi-aria-logo.jpg,https://www.hnb.net/personal/promotions/card-promotions/dining/credit-cards/amagi-aria-catamaran-restaurant
3,1,10% OFF ON DINE-IN AT GINZA HOHSEN COLOMBO,Ginza Hohsen Colombo,0112441588,"Galadari Hotel, Colombo","Offer is applicable only for lunch, dine -in and excludes breakfast and dinner.
Offer is not valid on the executive lunch set menu.
Cardholders must settle the total bill using their credit card to avail of the discount at the time of payment.
Offer cannot be exchanged for cash or combined with any other promotional programs or offers.
Offer cannot be combined with any other discounts or benefits.",All HNB Credit Card,20th December 2024 to 20th January 2025,10% off on lunch dine-in,https://www.hnb.net/images/cardpromotions/ginza-hohsen.jpg,https://www.hnb.net/personal/promotions/card-promotions/dining/credit-cards/ginza-hohsen-colombo
3,1,10% OFF ON TOTAL BILL FOR DINING AT CEYLON CURRY CLUB,Ceylon Curry Club,"0773393391
0114266363",Colombo 01,"Offer cannot be combined with any other offer
Excluding date - 24th & 25th & 31st December 2024",All HNB Credit / Debit Cards,Till 28th February 2025,10% off on total bill for dining,https://www.hnb.net/images/cardpromotions/ceylon-curry-club.jpg,https://www.hnb.net/personal/promotions/card-promotions/dining/debit-cards/ceylon-curry-club
3,1,10% OFF ON TOTAL BILL FOR DINING AT HELADIV TEA CLUB,Heladiv Tea Club,0772673873,Colombo 01,"Offer cannot be combined with any other offer
Excluding date - 24th & 25th & 31st December 2024",All HNB Credit / Debit Cards,Till 28th February 2025,10% off on total bill for dining,https://www.hnb.net/images/cardpromotions/heladiv-tea-club.jpg,https://www.hnb.net/personal/promotions/card-promotions/dining/debit-cards/heladiv-tea-club
3,1,10% OFF ON FOOD AND BEVERAGE ITEMS AT JOHN'S CAFE & GELATI,John's Cafe & Gelati,0773399434,Mount Lavinia,Offer cannot be combined with any other offers.,All HNB Credit and Debit Cards,Till 28th February 2025,10% off on food and beverage items,https://www.hnb.net/images/cardpromotions/john-s-cafe-gelati-new-logo.jpg,https://www.hnb.net/personal/promotions/card-promotions/dining/debit-cards/john-s-cafe-gelati
3,1,10% OFF ON LUNCH AND DINNER BUFFET AT THE BLUE ORBIT BY CITRUS RESTAURANT - COLOMBO LOTUS TOWER,The Blue Orbit by Citrus restaurant - Colombo Lotus Tower,"0765 444 111
0765 443 333","27th Floor, The Blue Orbit by Citrus restaurant - Colombo Lotus Tower","Offer cannot be combined with any other offers, gift vouchers and ongoing offers
Maximum of 2 members are allowed per card
A prior reservation is mandatory to obtain the discount at the restaurant",All HNB Debit Cards,Till 31st January 2025,10% off on lunch and dinner buffet for food,https://www.hnb.net/images/cardpromotions/blue-orbit.png,https://www.hnb.net/personal/promotions/card-promotions/dining/debit-cards/the-blue-orbit-by-citrus-restaurant-colombo-lotus-tower
3,1,UP TO 15% OFF ON FOOD AND BEVERAGE AT THE OCEAN COLOMBO,The Ocean Colombo,,"Cloud  9  Rooftop Lounge Bar at The Ocean Colombo
 
Reservations : 
0117110100 
0776350943","Offer cannot be combined with any other offer.
Offer valid food and beverages only",All HNB Credit / Debit Cards,Till 31st January 2025,Up to 15% off on food and beverage,https://www.hnb.net/images/cardpromotions/the-ocean-colombo-new.jpg,https://www.hnb.net/personal/promotions/card-promotions/dining/debit-cards/the-ocean-colombo
3,1,10% OFF ON DINE-IN & TAKE-AWAY AT BURGER KING RESTAURANTS (EVERY FRIDAY),Burger King,0112 123 123,Offer available locations,"Offer cannot be combined with any other offers
Maximum discount will be LKR 5,000 per card per day
Offer will be excluded for delivery orders",All HNB Debit Cards,03rd to 31st January 2025 (Every Friday),10% off on total bill for dine-in & take-away,https://www.hnb.net/images/cardpromotions/burger-king-logo.jpg,https://www.hnb.net/personal/promotions/card-promotions/dining/debit-cards/burger-king
3,1,10% OFF ON DINE-IN & TAKE-AWAY AT POPEYES RESTAURANTS (EVERY FRIDAY),Popeyes,0112 123 123,"GLOMARK, Mt. Lavinia (Basement)
Bambalapitiya
Negombo
Odel Mall Peradeniya","Offer cannot be combined with any other offers
Maximum discount will be LKR 5,000 per transaction per day
Offer cannot be combined with any other offers, delivery orders and not applicable for ongoing offers and discounted promotions
Offer is excluded on gift voucher purchases",All HNB Debit Cards,03rd to 31st January 2025 (Every Friday),10% off on total bill for dine-in & take-away,https://www.hnb.net/images/cardpromotions/popeyes-new-logos.jpg,https://www.hnb.net/personal/promotions/card-promotions/dining/debit-cards/popeyes
3,1,10% OFF ON DINE-IN & TAKE-AWAY AT BASKIN ROBBINS RESTAURANTS (EVERY FRIDAY),Baskin Robbins,0112123123,"Bambalapitiya
Odel Ward Place
Mt. Lavinia (Glomark)
OGF
Havelock Mall
Maharagama
Odel Mall Kandy
KCC
Jaffna","Offer cannot be combined with any other offers
Maximum discount will be LKR 5,000 per transaction per day
Offer cannot be combined with any other offers, delivery orders and not applicable for ongoing offers and discounted promotions
Offer is excluded on gift voucher purchases",All HNB Debit Cards,03rd to 31st January 2025 (Every Friday),10% off on total bill for dine-in & take-away,https://www.hnb.net/images/cardpromotions/baskin-robbins-logo-new.jpg,https://www.hnb.net/personal/promotions/card-promotions/dining/debit-cards/baskin-robbins
3,1,10% OFF ON DINE-IN & TAKE-AWAY AT DELIFRANCE (EVERY FRIDAY),Delifrance,0112123123,"ODEL - Alexandra Place, Colombo - 07
OGF","Offer cannot be combined with any other offers
Maximum discount will be LKR 5,000 per transaction per day
Offer cannot be combined with any other offers, delivery orders and not applicable for ongoing offers and discounted promotions
Offer is excluded on gift voucher purchases",HNB Debit Cards,03rd to 31st January 2025 (Every Friday),10% off on dine-in & take-away from the total bill,https://www.hnb.net/images/cardpromotions/delifrance-logo-new.jpg,https://www.hnb.net/personal/promotions/card-promotions/dining/debit-cards/delifrance
3,1,10% OFF ON DINE-IN & TAKE-AWAY AT SUBWAY (EVERY FRIDAY),Subway,0112123123,"Rajagiriya
Mount Lavinia
Colombo 03
Havelock City Mall","Offer cannot be combined with any other offers
Maximum discount will be LKR 5,000 per transaction per day
Offer cannot be combined with any other offers, delivery orders and not applicable for ongoing offers and discounted promotions
Offer is excluded on gift voucher purchases",No eligibility,03rd  to 31st January 2025 (Every Friday),10% off on Dine-in & Take-away from the total bill,https://www.hnb.net/images/cardpromotions/subway-logo.jpg,https://www.hnb.net/personal/promotions/card-promotions/dining/debit-cards/subway
3,1,10% OFF ON DINE-IN & TAKE-AWAY AT CRYSTAL JADE (EVERY FRIDAY),Crystal Jade,0112123123,One Galle Face Mall,"Offer cannot be combined with any other offers
Maximum discount will be LKR 5,000 per transaction per day
Offer cannot be combined with any other offers, delivery orders and not applicable for ongoing offers and discounted promotions
Offer is excluded on gift voucher purchases",HNB Debit Cards,03rd  to 31st January 2025 (Every Friday),10% off on dine-in & take-away from the total bill,https://www.hnb.net/images/cardpromotions/crystal-jade-logo-new.jpg,https://www.hnb.net/personal/promotions/card-promotions/dining/debit-cards/crystal-jade
3,2,"30% OFF ON HB & FB BASIS AT AMAARA FOREST HOTEL, SIGIRIYA","Amaara Forest Hotel, Sigiriya",0770038312,Sigiriya,"Offer cannot be combined with any other offer
Validity – 01st January to 31st March 2025
Confirmation – 50% advance payment (100% if within the cancellation period)
Offer valid only for HB and FB reservations
Children below 3 years of age sharing with parents will be on complimentary and 3 to 12 years will be charged for meals on booked basis
100% charge if you cancelled within 14 days of check-in
FOC if cancelled any time before",All HNB Credit / Debit card,01st January to 31st March 2025,30% off (from rack rate) on Full Board and Half Board basis (Weekdays & Weekends),https://www.hnb.net/images/cardpromotions/amaara_sigiriya.png,https://www.hnb.net/personal/promotions/card-promotions/hotels/credit-cards/amaara-forest-hotel-sigiriya
3,2,"30% OFF ON HB & FB BASIS AT AMAARA SKY HOTEL, KANDY","Amaara Sky Hotel, Kandy",0770038312,Kandy,"Offer cannot be combined with any other offer
Validity – 01st January to 31st March 2025
Confirmation – 50% advance payment (100% if within the cancellation period)
Offer valid only for HB and FB reservations
Children below 3 years of age sharing with parents will be on complimentary and 3 to 12 years will be charged for meals on booked basis
100% charge if you cancelled within 14 days of check-in
FOC if cancelled any time before",All HNB Debit card,01st January to 31st March 2025,30% off (from rack rate) on Full Board and Half Board basis (Weekdays & Weekends),https://www.hnb.net/images/cardpromotions/amaara_sky_kandy.png,https://www.hnb.net/personal/promotions/card-promotions/hotels/credit-cards/amaara-sky-hotel-kandy
3,2,"15% OFF ( FROM RACK RATE) ON FB,HB,BB BASIS AT ARALIYA GREEN HILLS",Araliya Green Hills,"0703510402
0703515284",Nuwara Eliya,"Terms and conditions & Child Policy
Offer cannot be combined with any other offer
0-4 years on FOC – Maximum 02 kids can share the parent room.
5-11 years on half rates from buffet meals - Maximum 02 kids can share the parents' room.
12 years and above will be considered as an adult.
Offer valid only for SGL | DBL | TPL rooms
Additional Details
Half an hour billiard table (Subject to availability and required prior reservation)
10% off for spa treatments
10% off for laundry services",All HNB Credit and Debit Cards,Till 31st March 2025,"15% off ( from rack rate) on Full Board ,Half Board ,Bed & Breakfast basis",https://www.hnb.net/images/cardpromotions/araliya-green-hills-logo.jpg,https://www.hnb.net/personal/promotions/card-promotions/hotels/credit-cards/araliya-green-hills
3,2,"15% OFF ( FROM RACK RATE) ON FB,HB,BB AND RO BASIS AT ARALIYA RED",Araliya Red,"0704700829
0522226000",Nuwara Eliya,"Offer cannot be combined with any other offer.
Offer not Applicable for the family room
Booking should be under the cardholder's name
Payments on Arrival
Check-in 02.00 pm and Checkout before 12.00 pm.",All HNB Credit & Debit Cards,Till 31st March 2025,"15% off ( from rack rate) on Full Board ,Half Board ,Bed & Breakfast and Room Only basis",https://www.hnb.net/images/cardpromotions/araliya-red-logo.jpg,https://www.hnb.net/personal/promotions/card-promotions/hotels/credit-cards/araliya-red
3,2,"UP TO 15% OFF ( FROM RACK RATE) ON FB,HB,BB AND RO BASIS AT ARALIYA GREEN CITY",Araliya Green City,"0703612415 (Promo code : AGCAMEX )
0522225000",Nuwara Eliya,"Offer cannot be combined with any other offer.
Booking will be pre-paid, non-refundable and none cancellable.",All HNB Credit / Debit cards,Till 31st March 2025,"15% off ( from rack rate) on Full Board ,Half Board ,Bed & Breakfast and Room Only basis
10% off on Spa Treatment in Balinese Ayu Spa at the resort
07% off on selected Foods & beverages Restaurant and BAR",https://www.hnb.net/images/cardpromotions/araliya-green-city-logo.jpg,https://www.hnb.net/personal/promotions/card-promotions/hotels/credit-cards/araliya-green-city
3,2,"12% OFF (FROM THE RACK RATES) ON ROOM ONLY BASIS AT CLUB PALM BAY, MARAWILA","Club Palm Bay, Marawila","Contact number: 0703915798 
Email : reservations@clubpalmbay.lk",Marawila,"Child Policy
Years of 5 to 11 child food supplement will be Rs 5000.00 per child and sharing parent’s bed.
Above 11 years of age will consider as an adult.
Below 5 years of age will not have any additional charges up to 1 child
Confirmation and payment terms
A 50% Advance is a must to secure the booking.
Final bill settlement must be made to the hotel By said Credit Card up on Arrival.
Card holder must stay.
5 rooms only per card can be booked.
Final Count to be confirmed three days prior to event after that any decrease in count cannot accepted.
Advance Deposits are non-refundable and non-transferrable.
The hotel does not accept cheques as a method of payment.
Rooms will be reserved on first come first serve basis.
Offer not Valid for corporate outings and this offer cannot be combined with any other offer.
National Identity Cards must be presented at the check-in.",All HNB Credit Card,21st December to 20th January 2025,12% off (from the rack rates) on room only basis,https://www.hnb.net/images/cardpromotions/club-palm-bay-hotel-logo-new.png,"https://www.hnb.net/personal/promotions/card-promotions/hotels/credit-cards/club-palm-bay,-marawila-cc"
3,2,"12% OFF (FROM RACK RATES) ON ROOM ONLY BASIS AT SIGIRIYA VILLAGE, SIGIRIYA","Sigiriya Village, Sigiriya","Contact number: 0761403472
Email :  reservations@sigiriyavillage.lk",Sigiriya,"Child Policy
Years of 5 to 11 child food supplement will be Rs 5000.00 per child and sharing parent’s bed.
Above 11 years of age will consider as an adult.
Below 5 years of age will not have any additional charges up to 1 child
Confirmation and payment terms
A 50% Advance is a must to secure the booking.
Final bill settlement must be made to the hotel By said Credit Card up on Arrival.
Card holder must stay.
5 rooms only per card can be booked.
Final Count to be confirmed three days prior to event after that any decrease in count cannot accepted.
Advance Deposits are non-refundable and non-transferrable.
The hotel does not accept cheques as a method of payment.
Rooms will be reserved on first come first serve basis.
Offer not Valid for corporate outings and this offer cannot be combined with any other offer.
National Identity Cards must be presented at the check-in.",All HNB Credit Cards,21st December to 20th January 2025,12% off (from rack rates) on room only basis,https://www.hnb.net/images/cardpromotions/sigiriya-village-logo-new.jpg,"https://www.hnb.net/personal/promotions/card-promotions/hotels/credit-cards/sigiriya-village,-sigiriya-cc"
3,2,UP TO 20% OFF ON FB BASIS AT OAK RAY HOTELS & RESORTS,Oak Ray Hotels & Resorts,"20% for Double Full Board and 15% off on Triple Full Board basis at,
 Oak Ray Regency – Kandy (077-7999252 / 081-2389141)
Oak Ray Serene Garden – Kandy (077-2521111/ 081-2227915/18)
Senani Hotel – Kandy – (077-0573333 / 081-2235118)
Pelwehera Village Resort – Dambulla – (077-3889052 / 066-4928334)
Fresco Water Villa – Sigiriya – (077-0574444 / 066-2286161)
Oak Ray Elephant Lake – (076-3156599 / 066-2270356)
Oak Ray Tea Bush – Ramboda – (077-0572222 / 052-2259787)
Oak Ray Summer Hill Breeze – Nuwara Eliya – (077-7999262 / 052-2234437)
Oak Ray Ella Gap – Ella – (077-1305305 / 057-2228528)
Oak Ray Wild Yala – Thissamaramaya – (076-3882338 / 047-2239401/2)
Oak Ray Beach – Wadduwa (077-9550520 / 038-2294744)
Rain Tree by Oak Ray - Tissamaharama  (077-2208699)
Periods: Till 30th April 2025",,"Offer cannot be combined with any other offers.
Black out period will be applicable.",All HNB Credit Cards,Till 30th April 2025,"/ Location / Reservations: 
20% for Double Full Board and 15% off on Triple Full Board basis at,
 Oak Ray Regency – Kandy (077-7999252 / 081-2389141)
Oak Ray Serene Garden – Kandy (077-2521111/ 081-2227915/18)
Senani Hotel – Kandy – (077-0573333 / 081-2235118)
Pelwehera Village Resort – Dambulla – (077-3889052 / 066-4928334)
Fresco Water Villa – Sigiriya – (077-0574444 / 066-2286161)
Oak Ray Elephant Lake – (076-3156599 / 066-2270356)
Oak Ray Tea Bush – Ramboda – (077-0572222 / 052-2259787)
Oak Ray Summer Hill Breeze – Nuwara Eliya – (077-7999262 / 052-2234437)
Oak Ray Ella Gap – Ella – (077-1305305 / 057-2228528)
Oak Ray Wild Yala – Thissamaramaya – (076-3882338 / 047-2239401/2)
Oak Ray Beach – Wadduwa (077-9550520 / 038-2294744)
Rain Tree by Oak Ray - Tissamaharama  (077-2208699)",https://www.hnb.net/images/cardpromotions/oak-ray-hotels-and-resort.jpg,https://www.hnb.net/personal/promotions/card-promotions/hotels/credit-cards/oak-ray-hotels-resorts-cc
3,2,"40% OFF ON BB, HB AND FB DBL ROOM BASIS AT HOTEL ADAAR TRINCOMALEE",Hotel Adaar,,"Trincomalee
 
Contact No: 0262062626
 
Website: www.adaarsrilanka.com
 
Periods: 31st January 2025",Offer cannot be combined with any other offers.,All HNB Credit Cards,31st January 2025,"40% off on ( from rack rate) Bed & Breakfast, Half Board and Full Board Double room basis
 
Location: Trincomalee
 
Contact No: 0262062626
 
Website: www.adaarsrilanka.com",https://www.hnb.net/images/cardpromotions/hotel-adaar-trincomalee.jpg,https://www.hnb.net/personal/promotions/card-promotions/hotels/credit-cards/hotel-adaar
3,2,"15% OFF (FROM RACK RATES) ON BB , HB & FB AT THE BLACKBERRY COTTAGE NUWARA ELIYA",The Blackberry Cottage,"0727456456
INFO@THEBLACKBERRYCOTTAGES.COM","Nuwara Eliya
 
Website: https://www.theblackberrycottages.com/booking/?hotel_id=1&be-offer=10039089 (Promo Code HNB15)","Offer cannot be combined with any other offers.
Reservations will be confirmed based on availability, on a first-come-first-serve basis.
50%payment is required to secure the booking.
Payments are non-refundable and non-transferable.
Offer applicable for Junior Loft & Family loft room types.
Offer not applicable for extras consumed at the property.
Discount based on the rack rate determined by the company, not on rates published on other platforms.
Offer valid only for direct Website bookings.
Cardholders must be present for the duration of the booked stay for the offer to be valid.
Offer invalid if referred to at the time of check-in or checkout.
Full payment is non-refundable for cancellations.
Discount not applicable for bookings made outside the promotional period.",All HNB Credit / Debit Cards,01st January to 31st March 2025,"15% off (from rack rates) on Full Board, Half Board and Bed and Breakfast basis",https://www.hnb.net/images/cardpromotions/the-blackberry-cottage-logo.jpg,https://www.hnb.net/personal/promotions/card-promotions/hotels/credit-cards/the-blackberry-cottage
3,2,15% OFF ON HB AND FB BASIS AT AMAGI ARIA NEGOMBO,"Amagi Aria, Negombo","0716007711
0703569178
0707007711",Negombo,"Offer cannot be combined with any other offer.
Only one discount scheme will be applicable at a time per reservation.
Black out period will be applicable.",All HNB Credit  / Debit Card,Till 31st January 2025,15% off (from rack rates) on Half board and Full board basis,https://www.hnb.net/images/cardpromotions/amagi-aria-logo.jpg,"https://www.hnb.net/personal/promotions/card-promotions/hotels/credit-cards/amagi-aria,-negombo"
3,2,"25% OFF ON FB, HB AND BB BASIS AT OGA REACH - TISSAMAHARAMA",Oga Reach,"Call: 0701725959
Email: sales1@lankailahotels.com / sales2@lankailahotels.com / reservations@lankailahotels.com",Tissamaharama,Offer cannot be combined with any other existing offers.,All HNB Credit Card,"Till 30th April 2025
 
Exclusion Period: 20th December 2024 to 10th of January 2025","25% off (from rack rates) on Full Board , Half Board and Bed & breakfast basis
 
Validity",https://www.hnb.net/images/cardpromotions/oga-reach.jpg,https://www.hnb.net/personal/promotions/card-promotions/hotels/credit-cards/oga-reach
3,2,UP TO 25% OFF ON FB BASIS AT SELECTED OAK RAY HOTELS & RESORTS,Oak Ray Hotels & Resorts,"25% for Double Full Board basis & 20% off for Triple Full Board basis (from the rack rate) at,
Oak Ray Regency – Kandy 
Oak Ray Serene Garden – Kandy 
Senani Hotel – Kandy 
Oak Ray Heritage – Kandy 
Pelwehera Village Resort – Dambulla 
Fresco Water Villa – Sigiriya 
Oak Ray Elephant Lake – Habarana 
Liyya Water Villa – Dambulla 
Oak Ray Tea Bush – Ramboda 
Oak Ray Summer Hill Breeze – Nuwara Eliya 
Oak Ray Ella Gap – Ella 
Oak Ray Wild Yala – Thissamaramaya 
Rain Tree by Oak Ray – Thissamaramaya  
Period: 10th January to 30th April 2025 (Blackout period will be applicable)",,"Discount will be applicable from the rack rates
Offer cannot be completed with any other offers
Cancelation and Child policy will be applied
Sinhala & Hindu New Year Supplements will be Applicable for the relevant period",All HNB Credit Card,10th January to 30th April 2025 (Blackout period will be applicable),"/ Locations / Reservations:  
 
25% for Double Full Board basis & 20% off for Triple Full Board basis (from the rack rate) at,
Oak Ray Regency – Kandy 
Oak Ray Serene Garden – Kandy 
Senani Hotel – Kandy 
Oak Ray Heritage – Kandy 
Pelwehera Village Resort – Dambulla 
Fresco Water Villa – Sigiriya 
Oak Ray Elephant Lake – Habarana 
Liyya Water Villa – Dambulla 
Oak Ray Tea Bush – Ramboda 
Oak Ray Summer Hill Breeze – Nuwara Eliya 
Oak Ray Ella Gap – Ella 
Oak Ray Wild Yala – Thissamaramaya 
Rain Tree by Oak Ray – Thissamaramaya",https://www.hnb.net/images/cardpromotions/oak-ray-hotels-and-resort.jpg,https://www.hnb.net/personal/promotions/card-promotions/hotels/credit-cards/oak-ray-hotels
3,2,"25% OFF ON FB, HB AND BB BASIS AT CEYLAN LODGE - ANURADHAPURA",Ceylan Lodge,"Call: 0701725959
E-mail: sales1@lankailahotels.com / sales2@lankailahotels.com / reservations@lankailahotels.com",Anuradhapura,Offer cannot be combined with any other existing offers.,All HNB Credit Card,"Till 30th April 2025
 
Exclusion Period: 20th December 2024 to 10th January 2025","25% off (from rack rates) on Full Board , Half Board and Bed & breakfast basis
 
Validity",https://www.hnb.net/images/cardpromotions/ceylan-lodge.jpg,https://www.hnb.net/personal/promotions/card-promotions/hotels/credit-cards/ceylan-lodge
3,2,"20% OFF ON BB, HB AND FB BASIS AT JOES RESORTS ERA BEACH THALPE",Joes resorts - Era Beach Thalpe,0112581132 / 0779594545,,"Terms and Condition
Discount will not be applicable on upgrades, extras and supplements.
Offer valid for Sri Lankans and Expatriates only. Foreign Guests accompanying cardholders will not be offered this discount.
Check In & Check Out
Child policy
Children below 4 years free of charge (Considering sharing parents room).
Children between 05 to 11 years sharing parent’s room and Half Rate will be charged on adult’s Meals.
Children 11 years and above will be charged as adults.
Using of Pool
It’s strictly prohibited to use the pool after using liquor.
If Children’s using pool, they must be accompanied by the parents .
Government Taxes
The rates are subject to any revisions or existing taxes or any new taxes imposed by Sri Lankan government.
Booking and cancellation policy
To confirm the reservation, we ask for 25 % deposit through bank money transfer within 07 days of the original reservation, if not the reservations will be automatically cancelled.
25% deposit will not be refunded in case of cancellation.
Any cancellation of confirmed booking should be notified in writing via email.
Less than 7 days – 100% cancellation fee will be charged.
The booking period from 20th Dec to 10th Jan 2025 to confirm the reservation from the total cost of 50% advance payment required and then the advance payment, nonrefundable any circumstances and no future date will offer said period.
Failure to pay the required amounts by the specified dates may results in the automatic cancellation of the reservation.",HNB Credit and Debit Cards,01st January to 30th April 2025,"20% off (from rack rates) on Bed & Breakfast, Half Board, Full Board basis",https://www.hnb.net/images/cardpromotions/era-beach-thalpe.jpg,https://www.hnb.net/personal/promotions/card-promotions/hotels/credit-cards/joes-resorts-era-beach-thalpe1
3,2,"20% OFF ON BB, HB AND FB BASIS AT JOES RESORTS BENTOTA",Joes resorts - Joes Resorts Bentota,0112581132 / 0779594545,"Bentota
 
Website: www.joesresorts.com","Terms and Condition
Discount will not be applicable on upgrades, extras and supplements.
Offer valid for Sri Lankans and Expatriates only. Foreign Guests accompanying cardholders will not be offered this discount.
Check In & Check Out
Child policy
Children below 4 years free of charge (Considering sharing parents room).
Children between 05 to 11 years sharing parent’s room and Half Rate will be charged on adult’s Meals.
Children 11 years and above will be charged as adults.
Using of Pool
It’s strictly prohibited to use the pool after using liquor.
If Children’s using pool, they must be accompanied by the parents .
Government Taxes
The rates are subject to any revisions or existing taxes or any new taxes imposed by Sri Lankan government.
Booking and cancellation policy
To confirm the reservation, we ask for 25 % deposit through bank money transfer within 07 days of the original reservation, if not the reservations will be automatically cancelled.
25% deposit will not be refunded in case of cancellation.
Any cancellation of confirmed booking should be notified in writing via email.
Less than 7 days – 100% cancellation fee will be charged.
The booking period from 20th Dec to 10th Jan 2025 to confirm the reservation from the total cost of 50% advance payment required and then the advance payment, nonrefundable any circumstances and no future date will offer said period.
Failure to pay the required amounts by the specified dates may results in the automatic cancellation of the reservation.",All HNB Credit and Debit cards,01st January to 30th April 2025,"20% off (from rack rates) on Bed & Breakfast, Half Board, Full Board basis",https://www.hnb.net/images/cardpromotions/joe-s-resort-bentota.jpg,https://www.hnb.net/personal/promotions/card-promotions/hotels/credit-cards/joes-resorts-joes-resorts-bentota
3,2,"20% OFF ON BB, HB AND FB BASIS AT JOES RESORT UNAWATUNA",Joes Resort Unawatuna,0112581132 / 0779594545,Unawatuna,"Terms and Condition
Discount will not be applicable on upgrades, extras and supplements.
Offer valid for Sri Lankans and Expatriates only. Foreign Guests accompanying cardholders will not be offered this discount.
Check In & Check Out
Child policy
Children below 4 years free of charge (Considering sharing parents room).
Children between 05 to 11 years sharing parent’s room and Half Rate will be charged on adult’s Meals.
Children 11 years and above will be charged as adults.
Using of Pool
It’s strictly prohibited to use the pool after using liquor.
If Children’s using pool, they must be accompanied by the parents .
Government Taxes
The rates are subject to any revisions or existing taxes or any new taxes imposed by Sri Lankan government.
Booking and cancellation policy
To confirm the reservation, we ask for 25 % deposit through bank money transfer within 07 days of the original reservation, if not the reservations will be automatically cancelled.
25% deposit will not be refunded in case of cancellation.
Any cancellation of confirmed booking should be notified in writing via email.
Less than 7 days – 100% cancellation fee will be charged.
The booking period from 20th Dec to 10th Jan 2025 to confirm the reservation from the total cost of 50% advance payment required and then the advance payment, nonrefundable any circumstances and no future date will offer said period.
Failure to pay the required amounts by the specified dates may results in the automatic cancellation of the reservation.",All HNB Credit and Debit cards,01st January to 30th April 2025,"20% off (from rack rates) on Bed & Breakfast, Half Board, Full Board basis",https://www.hnb.net/images/cardpromotions/joe-s-resort-unawatuna.jpg,https://www.hnb.net/personal/promotions/card-promotions/hotels/credit-cards/joes-resort-unawatuna
3,2,"25% OFF ON FB, HB AND BB BASIS AT THE PEACOCK - HAMBANTOTA",The Peacock,,Hambantota,Offer cannot be combined with any other existing offers.,All HNB Credit Cards,"Till 30th April 2025
 

Exclusion Period: 20th December 2024 to 10th January 2025","25% off (from rack rates) on Full Board, Half Board and Bed & breakfast basis
 
Validity",https://www.hnb.net/images/cardpromotions/the-peacock-logo.jpg,https://www.hnb.net/personal/promotions/card-promotions/hotels/credit-cards/the-peacock-hambantota
3,2,"20% OFF ON BB, HB AND FB BASIS AT JOES RESORTS APA VILLA THALPE",Joes resorts - Apa Villa Thalpe,0112581132 / 0779594545,,"Terms and Condition
Discount will not be applicable on upgrades, extras and supplements.
Offer valid for Sri Lankans and Expatriates only. Foreign Guests accompanying cardholders will not be offered this discount.
Check In & Check Out
Child policy
Children below 4 years free of charge (Considering sharing parents room).
Children between 05 to 11 years sharing parent’s room and Half Rate will be charged on adult’s Meals.
Children 11 years and above will be charged as adults.
Using of Pool
It’s strictly prohibited to use the pool after using liquor.
If Children’s using pool, they must be accompanied by the parents .
Government Taxes
The rates are subject to any revisions or existing taxes or any new taxes imposed by Sri Lankan government.
Booking and cancellation policy
To confirm the reservation, we ask for 25 % deposit through bank money transfer within 07 days of the original reservation, if not the reservations will be automatically cancelled.
25% deposit will not be refunded in case of cancellation.
Any cancellation of confirmed booking should be notified in writing via email.
Less than 7 days – 100% cancellation fee will be charged.
The booking period from 20th Dec to 10th Jan 2025 to confirm the reservation from the total cost of 50% advance payment required and then the advance payment, nonrefundable any circumstances and no future date will offer said period.
Failure to pay the required amounts by the specified dates may results in the automatic cancellation of the reservation.",All HNB Credit and Debit cards,01st January to 30th April 2025,"20% off (from rack rates) on Bed & Breakfast, Half Board, Full Board basis",https://www.hnb.net/images/cardpromotions/apa-villa-thalpe.jpg,https://www.hnb.net/personal/promotions/card-promotions/hotels/credit-cards/joes-resorts-apa-villa-thalpes
3,2,"35% OFF ON FB AND HB BASIS AT SENNYA RESORTS, BELIHULOYA",Sennya Resorts - Belihuloya,0773138844,Belihuloya,"Discount will be applicable from the rack rates
In order to enjoy the promotion, an advance payment of 35% from the total value of the reservation can be done from the debit card and the final balance payment done by the Credit or Debit Cards at the time of checking out.
The offer will not be applicable for reservations made through online and other platforms.
Reservations will be confirmed subject to availability.
The Hotel may restrict certain services/facilities as per the health guidelines and protocols.
Discount will not be applicable on upgrades, extras and supplements.
The offer is not valid for corporate events / functions.
The offer will be valid on local rates and will not apply on any special promotional rates.
The offer cannot be combined with any other existing offers.",All HNB Credit and Debit Card,Till 28th February 2025,35% off on Full Board and Half Board basis (from the rack rates for double and triple rooms),https://www.hnb.net/images/cardpromotions/sennya.jpg,https://www.hnb.net/personal/promotions/card-promotions/hotels/credit-cards/sennya-resorts-belihuloya
3,2,20% OFF ON ROOM RATE FOR IN-DOOR PATIENTS AT SIDDHALEPA AYURVEDA HOSPITAL MT. LAVINIA,Siddhalepa Ayurveda Hospital,"0773710139 
0112738622",Mt. Lavinia,Offer cannot be combined with any other offer,All HNB Credit and Debit Cards,Till 30th April 2025,20% off on room rate for in-door patients,https://www.hnb.net/images/cardpromotions/siddhalepa-ayurveda-hospital.jpg,https://www.hnb.net/personal/promotions/card-promotions/hotels/credit-cards/siddhalepa-ayurveda-hospital
3,2,25% OFF ON HB AND BB BASIS AT SUNRISE CABANAS - ARUGAM BAY,Sunrise Cabanas,"Call: 0701725959
E-mail: sales1@lankailahotels.com / sales2@lankailahotels.com / reservations@lankailahotels.com",Arugam Bay,Offer cannot be combined with any other existing offers.,All HNB Credit Card,Till 30th April 2025,25% off (from rack rates) on Half Board and Bed & breakfast basis,https://www.hnb.net/images/cardpromotions/sunrise-cabanas.png,https://www.hnb.net/personal/promotions/card-promotions/hotels/credit-cards/sunrise-cabanas-arugam-bay
3,2,"20% OFF ON BB, HB AND FB BASIS AT LOTUS ESTATE COLOMBO",Lotus Estate Colombo,0112581132 / 0779594545,,"Terms and Condition
Discount will not be applicable on upgrades, extras and supplements.
Offer valid for Sri Lankans and Expatriates only. Foreign Guests accompanying cardholders will not be offered this discount.
Check In & Check Out
Child policy
Children below 4 years free of charge (Considering sharing parents room).
Children between 05 to 11 years sharing parent’s room and Half Rate will be charged on adult’s Meals.
Children 11 years and above will be charged as adults.
Using of Pool
It’s strictly prohibited to use the pool after using liquor.
If Children’s using pool, they must be accompanied by the parents.
Government Taxes
The rates are subject to any revisions or existing taxes or any new taxes imposed by Sri Lankan government.
Booking and cancellation policy
To confirm the reservation, we ask for 25 % deposit through bank money transfer within 07 days of the original reservation, if not the reservations will be automatically cancelled
25% deposit will not be refunded in case of cancellation
Any cancellation of confirmed booking should be notified in writing via email.
Less than 7 days – 100% cancellation fee will be charged.
The booking period from 20th Dec to 10th Jan 2025 to confirm the reservation from the total cost of 50% advance payment required and then the advance payment, nonrefundable any circumstances and no future date will offer said period.
Failure to pay the required amounts by the specified dates may results in the automatic cancellation of the reservation.",All HNB Credit and Debit cards,01st January to 30th April 2025,"20% off (from rack rates) on Bed & Breakfast, Half Board, Full Board basis",https://www.hnb.net/images/cardpromotions/lotus-estate-colombo-logo.jpg,https://www.hnb.net/personal/promotions/card-promotions/hotels/credit-cards/lotus-estate-colombo
3,2,"10% OFF ON FB, HB & BB BASIS AT VILLA BIRD LAKE HIKKADUWA",Villa Bird Lake (PVT) Ltd,0775019171,Hikkaduwa,"Offer cannot be combined with any other existing offers.
Black out period will be applicable.",All HNB Credit Cards,Till 14th March 2025,10% off (from rack rates) on Full Board and Half Bord & Bed and Break Fast basis,https://www.hnb.net/images/cardpromotions/villa-birdlake-logo.jpg,https://www.hnb.net/personal/promotions/card-promotions/hotels/credit-cards/villa-bird-lake-hikkaduwa
3,2,"20% OFF ON HB AND FB ROOM BASIS AT ROYAL PALMS BEACH HOTEL, KALUTARA",Royal Palms Beach Hotel,"Contact: 942228114 - 7 /  0771051688
E mail: dharanis@royalpalms.lk / reservations@tangerinehotels.com",Kalutara,"Offer valid for all HNB credit cards (locally issued cardholders only).
Name changes will not be accepted once the payment is made.
The above discount is applicable on the basis booked and is subject to availability.
Offer cannot be combined with any other offer.
Offer valid only for Sri Lankan and Resident Visa holders.
Offer extended only for direct bookings made at the respective hotel's head office (not extended for online bookings).
The cardholder must be present at the hotel throughout the stay.
To avail of the offer, the cardholder must make the full payment using his/her credit card.
The standard children's policy and cancellation policy shall apply to this offer, in accordance with the hotel's standard policies.
The maximum number of rooms per respective credit card is limited to three rooms.
Triple rooms are accessible for three adults only; no quadruple rooms are available.
The offer shall not apply to pre-confirmed bookings and group bookings.",All HNB Credit Cards,01st January to 31st March 2025,20% off on Half Board and Full Board room basis,https://www.hnb.net/images/cardpromotions/royal-palms-beach-hotel.png,https://www.hnb.net/personal/promotions/card-promotions/hotels/credit-cards/royal-palms-beach-hotel
3,2,30% OFF ON FB BASIS AT BOLAGALA AGRO FLOATING RESORT - NEGOMBO,Bolagala Agro Floating Resort,"Call : 312030800
Email : reservations@bolagala.com","Negombo
 
Website: https://bolagalafloating.com/","Offer cannot be combined with any other existing offers
Offer valid for local residents only",All HNB Credit cards,01st October to 19th December 2024 and 10th January to 31st March 2025,30% off (from rack rates) on Full Board basis,https://www.hnb.net/images/cardpromotions/bolagala-agro-floating.png,https://www.hnb.net/personal/promotions/card-promotions/hotels/credit-cards/bolagala-agro-floating-resort
3,2,"25% OFF ON BB, HB & FB BASIS AT HOTEL SUDU ARALIYA, POLONNARUWA",Hotel Sudu Araliya - Polonnaruwa,,"Polonnaruwa
 
Reservations : 
Call: 0765315390 / 0272224849
E-mail: info@hotelsuduaraliya.com 
Website : www.hotelsuduaraliya.com","Offer cannot combine with any other offers
Rooms are subject to availability at the time of actual bookings.
Child policy will be applicable.
Driver accommodation subject to availability and no prior booking for driver accommodation.
Given rate are valid for the Sri Lankan and Resident Visa Holders only.
Bed structure - DBL = King size or Twin beds, TPL = King Size or Twin Beds + 01 single extra bed.
Early Check- in & Late Check-out Check-in (Early Check-in and late Check-out is subjected to availability on payment)",All HNB Credit Card,Till 31st March 2025,"25% off (from rack rates) on Bed & Breakfast, Half board and Full board basis 
20% off on selected SPA & Wellness Treatment 
10% off on selected Foods & beverages",https://www.hnb.net/images/cardpromotions/hotel-sudu-araliya-polonnaruwa.jpg,https://www.hnb.net/personal/promotions/card-promotions/hotels/credit-cards/hotel-sudu-araliya-polonnaruwa
3,2,10% OFF (FROM RACK RATES) ON ENTIRE VILLA AT WILDESCAPES YALA,WildEscapes - Yala,0114508508,Yala,Offer cannot be combined with any other offer.,All HNB Credit/ Debit card,Till 28th February 2025,10% off (from rack rates) on entire villa (14 pax),https://www.hnb.net/images/cardpromotions/wildescpe-new-logo.jpg,https://www.hnb.net/personal/promotions/card-promotions/hotels/credit-cards/wildescapes-yala
3,2,"40% OFF (FROM RACK RATES) ON FB, HB BASIS A CLUB MANGO - GO KALPITIYA",Club Mango - Go,"0773286998
0774871554",Kalpitiya,"Maximum of 2 rooms can be booked per cardholder.
50% payment will have to be done from the card at the time of booking to confirm
Offer cannot be combined with any other offer.",All HNB Credit Cards,20th December 2024 to 31st January 2025,40% off (from rack rates) on Full Board and Half Board basis,https://www.hnb.net/images/cardpromotions/club-mango.jpg,https://www.hnb.net/personal/promotions/card-promotions/hotels/credit-cards/club-mango-go
3,2,"10% OFF ON BB , HB & FB AT BEST WESTERN ELYON, COLOMBO",Best western Elyon - Colombo,"117527527 – 30 
0776411612
Website : www.bestwesterncolombo.com",Colombo,"Booking Policy
A 50% advance payment is necessary to secure a firm booking.
Until the advance payment is received, rooms will be subject to availability, and we cannot guarantee a tentative block.
Check-in Time - 02.00 p.m. / Check-out Time - 12.00 noon
Early Check-in & Late Check-out Policy
Children Aged 0-05 Years sharing with their parents-stay free of charge.
Children Aged 06-12 Years -25% on sharing double room rate. (Sharing parents Bed / on the   basis booked)
Cancellation Policy
In case of cancellation, a 50% charge based on the booking will apply for cancellations made prior to 48 hours.
For cancellations made within 48 hours of the booking, a 100% charge based on the booked basis will be applied.
Reservation Process
Please send all reservation requests to resmgr@bestwesterncolombo.com , with copies to sales@bestwesterncolombo.com  & invoicing@bestweterncolombo.com",All HNB Credit Cards,01st January to 31st December 2025,"10% off (from rack rates) on Full Board, Half Board and Bed & Breakfast basis
 10% off on beverages
 10% off on A’La Carte dining",https://www.hnb.net/images/cardpromotions/best-western-elyon-colombo.jpg,https://www.hnb.net/personal/promotions/card-promotions/hotels/credit-cards/best-western-elyon-colombo
3,2,15% OFF ON B&B AND SINGLE & DBL ROOM BASIS AT CALAMANSI COVE VILLAS BALAPITIYA.,Dumbara Hotels (Pvt) Ltd - Calamansi Cove Villas,,Balapitiya,"Offer cannot be combined with any other existing offers.
The booking is confirmed upon receipt of a reservation order.
Full payment must be made prior to the arrival of guests.",All HNB Credit / Debit cards,01st December 2024 to 31st March 2025,15% off (from rack rates) on Bed & breakfast and Single & DBL room only basis,https://www.hnb.net/images/cardpromotions/dumbara-hotels.jpg,https://www.hnb.net/personal/promotions/card-promotions/hotels/credit-cards/dumbara-hotels-pvt-ltd-calamansi-cove-villas
3,2,"30% OFF ON FB BASIS AT UPPUVELI BEACH BY DSK, TRINCOMALEE",Uppuveli Beach by DSK - Trincomalee,0777140488,Trincomalee,Offer cannot be combined with any other existing offers.,All HNB Credit and Debit Card,Till 31st March 2025,30% off on full board double room basis,https://www.hnb.net/images/cardpromotions/uppuveli-beach.jpg,https://www.hnb.net/personal/promotions/card-promotions/hotels/credit-cards/uppuveli-beach-by-dsk-trincomalee
3,2,"10% OFF (FROM THE RACK RATES) ON ROOM ONLY BASIS AT THE PALMS, BERUWALA","The Palms, Beruwala","Contact number: 0706595665
Email : reservations@forthotels.lk",Beruwala,"Child Policy
Years of 5 to 11 child food supplement will be Rs 5000.00 per child and sharing parent’s bed.
Above 11 years of age will consider as an adult.
Below 5 years of age will not have any additional charges up to 1 child
Confirmation and payment terms
A 50% Advance is a must to secure the booking.
Final bill settlement must be made to the hotel By said Credit Card up on Arrival.
Card holder must stay.
5 rooms only per card can be booked.
Final Count to be confirmed three days prior to event after that any decrease in count cannot accepted.
Advance Deposits are non-refundable and non-transferrable.
The hotel does not accept cheques as a method of payment.
Rooms will be reserved on first come first serve basis.
Offer not Valid for corporate outings and this offer cannot be combined with any other offer.
National Identity Cards must be presented at the check-in.",All HNB Credit Card,21st December to 20th January 2025,10% off (from the rack rates) on room only basis,https://www.hnb.net/images/cardpromotions/club-palm-bay-hotel-logo-newest.png,"https://www.hnb.net/personal/promotions/card-promotions/hotels/credit-cards/the-palms,-beruwala-cc"
3,2,20% OFF ON HB AND BB BASIS AT AMARANTHE BAY - TRINCOMALEE,Amaranthe bay - Trincomalee,"0262050200
077-7788804 
-reservations@amaranthebay.com",Trincomalee,,All HNB Credit and Debit Cards,Till 31st January 2025,20% off on Half Board and Bed & Breakfast basis,https://www.hnb.net/images/cardpromotions/amaranthe-bay-logo.jpg,https://www.hnb.net/personal/promotions/card-promotions/hotels/credit-cards/amaranthe-bay-trincomalee
3,2,20% OFF ON HB BASIS AT THE HABITAT KOSGODA,The Habitat Kosgoda,"Hotline: 0704909500
Email address: reservations@asialeisure.lk",Kosgoda,"All Credit & Debit cards offer for the weekends.
A payment of 50% needs to be made to secure the reservation.
Cardholder needs to be present at the hotel during the entire stay
Offer cannot be combined with any other hotel offer
Reservations will be non-refundable.
This promotion is not valid for existing reservations.",All HNB Credit / Debit cards,"Booking period: Till 20th January 2025


Stay Period: Till 31st January 2025",20% off (from rack rates) on Half Board basis,https://www.hnb.net/images/cardpromotions/the-habitat-kosgoda.jpg,https://www.hnb.net/personal/promotions/card-promotions/hotels/credit-cards/the-habitat-kosgoda
3,2,15% OFF ON HB AND FB BASIS AT AMAGI BEACH MARAWILA,Amagi Beach,0703302126,Marawila,"Offer cannot be combined with any other offer.
Only one discount scheme will be applicable at a time per reservation.
Black out period will be applicable.",All HNB Credit / Debit Card,Till 31st January 2025,15% off (from rack rates) on Half board and Full board basis,https://www.hnb.net/images/cardpromotions/amagi-beach-new.jpg,https://www.hnb.net/personal/promotions/card-promotions/hotels/credit-cards/amagi-beach
3,2,"35% OFF ON HB AND FB BASIS AT TROPICAL LIFE RESORT & SPA, DAMBULLA",Tropical Life Resort & Spa,0662030300 / 0777225151,Dambulla,Offer cannot combine with any other offers.,All HNB Credit and Debit Cards,Till 30th March 2025,35% off on Half board and Full board basis,https://www.hnb.net/images/cardpromotions/tropical-life-logo.jpg,https://www.hnb.net/personal/promotions/card-promotions/hotels/credit-cards/tropical-life-resort-spa-dambulla
3,2,20% OFF ON ROOM RATE FOR IN-DOOR PATIENTS AT SIDDHALEPA AYURVEDA HOSPITAL MT. LAVINIA,Siddhalepa Ayurveda Hospital,"0773710139 
0112738622",Mt. Lavinia,Offer cannot be combined with any other offer,All HNB Credit and Debit Cards,Till 30th April 2025,20% off on room rate for in-door patients,https://www.hnb.net/images/cardpromotions/siddhalepa-ayurveda-hospital.jpg,https://www.hnb.net/personal/promotions/card-promotions/hotels/debit-cards/siddhalepa-ayurveda-hospital
3,2,"15% OFF ( FROM RACK RATE) ON FB,HB,BB BASIS AT ARALIYA GREEN HILLS",Araliya Green Hills,"0703510402
0703515284",Nuwara Eliya,"Terms and conditions & Child Policy
Offer cannot be combined with any other offer
0-4 years on FOC – Maximum 02 kids can share the parent room.
5-11 years on half rates from buffet meals - Maximum 02 kids can share the parents' room.
12 years and above will be considered as an adult.
Offer valid only for SGL | DBL | TPL rooms
Additional Details
Half an hour billiard table (Subject to availability and required prior reservation)
10% off for spa treatments
10% off for laundry services",All HNB Credit and Debit Cards,Till 31st March 2025,"15% off ( from rack rate) on Full Board ,Half Board ,Bed & Breakfast basis",https://www.hnb.net/images/cardpromotions/araliya-green-hills-logo.jpg,https://www.hnb.net/personal/promotions/card-promotions/hotels/debit-cards/araliya-green-hills
3,2,"15% OFF ( FROM RACK RATE) ON FB,HB,BB AND RO BASIS AT ARALIYA RED",Araliya Red,"0704700829
0522226000",Nuwara Eliya,"Offer cannot be combined with any other offer.
Offer not Applicable for the family room
Booking should be under the cardholder's name
Payments on Arrival
Check-in 02.00 pm and Checkout before 12.00 pm.",All HNB Credit & Debit Cards,Till 31st March 2025,"15% off ( from rack rate) on Full Board ,Half Board ,Bed & Breakfast and Room Only basis",https://www.hnb.net/images/cardpromotions/araliya-red-logo.jpg,https://www.hnb.net/personal/promotions/card-promotions/hotels/debit-cards/araliya-red
3,2,"UP TO 15% OFF ( FROM RACK RATE) ON FB,HB,BB AND RO BASIS AT ARALIYA GREEN CITY",Araliya Green City,"0703612415 (Promo code : AGCAMEX )
0522225000",Nuwara Eliya,"Offer cannot be combined with any other offer.
Booking will be pre-paid, non-refundable and none cancellable.",All HNB Credit / Debit cards,Till 31st March 2025,"15% off ( from rack rate) on Full Board ,Half Board ,Bed & Breakfast and Room Only basis
10% off on Spa Treatment in Balinese Ayu Spa at the resort
07% off on selected Foods & beverages Restaurant and BAR",https://www.hnb.net/images/cardpromotions/araliya-green-city-logo.jpg,https://www.hnb.net/personal/promotions/card-promotions/hotels/debit-cards/araliya-green-city
3,2,"30% OFF ON FB BASIS AT UPPUVELI BEACH BY DSK, TRINCOMALEE",Uppuveli Beach by DSK - Trincomalee,0777140488,Trincomalee,Offer cannot be combined with any other existing offers.,All HNB Credit and Debit Card,Till 31st March 2025,30% off on full board double room basis,https://www.hnb.net/images/cardpromotions/uppuveli-beach.jpg,https://www.hnb.net/personal/promotions/card-promotions/hotels/debit-cards/uppuveli-beach-by-dsk-trincomalee
3,2,20% OFF ON HB AND BB BASIS AT AMARANTHE BAY - TRINCOMALEE,Amaranthe bay - Trincomalee,"0262050200
077-7788804 
-reservations@amaranthebay.com",Trincomalee,,All HNB Credit and Debit Cards,Till 31st January 2025,20% off on Half Board and Bed & Breakfast basis,https://www.hnb.net/images/cardpromotions/amaranthe-bay-logo.jpg,https://www.hnb.net/personal/promotions/card-promotions/hotels/debit-cards/amaranthe-bay-trincomalee
3,2,10% OFF (FROM RACK RATES) ON ENTIRE VILLA AT WILDESCAPES YALA,WildEscapes - Yala,0114508508,Yala,Offer cannot be combined with any other offer.,All HNB Credit/ Debit card,Till 28th February 2025,10% off (from rack rates) on entire villa (14 pax),https://www.hnb.net/images/cardpromotions/wildescpe-new-logo.jpg,https://www.hnb.net/personal/promotions/card-promotions/hotels/debit-cards/wildescapes-yala
3,2,15% OFF ON HB AND FB BASIS AT AMAGI ARIA NEGOMBO,"Amagi Aria, Negombo","0716007711
0703569178
0707007711",Negombo,"Offer cannot be combined with any other offer.
Only one discount scheme will be applicable at a time per reservation.
Black out period will be applicable.",All HNB Credit  / Debit Card,Till 31st January 2025,15% off (from rack rates) on Half board and Full board basis,https://www.hnb.net/images/cardpromotions/amagi-aria-logo.jpg,"https://www.hnb.net/personal/promotions/card-promotions/hotels/debit-cards/amagi-aria,-negombo"
3,2,15% OFF ON HB AND FB BASIS AT AMAGI BEACH MARAWILA,Amagi Beach,0703302126,Marawila,"Offer cannot be combined with any other offer.
Only one discount scheme will be applicable at a time per reservation.
Black out period will be applicable.",All HNB Credit / Debit Card,Till 31st January 2025,15% off (from rack rates) on Half board and Full board basis,https://www.hnb.net/images/cardpromotions/amagi-beach-new.jpg,https://www.hnb.net/personal/promotions/card-promotions/hotels/debit-cards/amagi-beach
3,2,15% OFF ON B&B AND SINGLE & DBL ROOM BASIS AT CALAMANSI COVE VILLAS BALAPITIYA.,Dumbara Hotels (Pvt) Ltd - Calamansi Cove Villas,,Balapitiya,"Offer cannot be combined with any other existing offers.
The booking is confirmed upon receipt of a reservation order.
Full payment must be made prior to the arrival of guests.",All HNB Credit / Debit cards,01st December 2024 to 31st March 2025,15% off (from rack rates) on Bed & breakfast and Single & DBL room only basis,https://www.hnb.net/images/cardpromotions/dumbara-hotels.jpg,https://www.hnb.net/personal/promotions/card-promotions/hotels/debit-cards/dumbara-hotels-pvt-ltd-calamansi-cove-villas
3,2,20% OFF ON HB BASIS AT THE HABITAT KOSGODA,The Habitat Kosgoda,"Hotline: 0704909500
Email address: reservations@asialeisure.lk",Kosgoda,"All Credit & Debit cards offer for the weekends.
A payment of 50% needs to be made to secure the reservation.
Cardholder needs to be present at the hotel during the entire stay
Offer cannot be combined with any other hotel offer
Reservations will be non-refundable.
This promotion is not valid for existing reservations.",All HNB Credit / Debit cards,"Booking period: Till 20th January 2025


Stay Period: Till 31st January 2025",20% off (from rack rates) on Half Board basis,https://www.hnb.net/images/cardpromotions/the-habitat-kosgoda.jpg,https://www.hnb.net/personal/promotions/card-promotions/hotels/debit-cards/the-habitat-kosgoda
3,2,"35% OFF ON HB AND FB BASIS AT TROPICAL LIFE RESORT & SPA, DAMBULLA",Tropical Life Resort & Spa,0662030300 / 0777225151,Dambulla,Offer cannot combine with any other offers.,All HNB Credit and Debit Cards,Till 30th March 2025,35% off on Half board and Full board basis,https://www.hnb.net/images/cardpromotions/tropical-life-logo.jpg,https://www.hnb.net/personal/promotions/card-promotions/hotels/debit-cards/tropical-life-resort-spa-dambulla
3,2,"20% OFF ON BB, HB AND FB BASIS AT LOTUS ESTATE COLOMBO",Lotus Estate Colombo,0112581132 / 0779594545,,"Terms and Condition
Discount will not be applicable on upgrades, extras and supplements.
Offer valid for Sri Lankans and Expatriates only. Foreign Guests accompanying cardholders will not be offered this discount.
Check In & Check Out
Child policy
Children below 4 years free of charge (Considering sharing parents room).
Children between 05 to 11 years sharing parent’s room and Half Rate will be charged on adult’s Meals.
Children 11 years and above will be charged as adults.
Using of Pool
It’s strictly prohibited to use the pool after using liquor.
If Children’s using pool, they must be accompanied by the parents.
Government Taxes
The rates are subject to any revisions or existing taxes or any new taxes imposed by Sri Lankan government.
Booking and cancellation policy
To confirm the reservation, we ask for 25 % deposit through bank money transfer within 07 days of the original reservation, if not the reservations will be automatically cancelled
25% deposit will not be refunded in case of cancellation
Any cancellation of confirmed booking should be notified in writing via email.
Less than 7 days – 100% cancellation fee will be charged.
The booking period from 20th Dec to 10th Jan 2025 to confirm the reservation from the total cost of 50% advance payment required and then the advance payment, nonrefundable any circumstances and no future date will offer said period.
Failure to pay the required amounts by the specified dates may results in the automatic cancellation of the reservation.",All HNB Credit and Debit cards,01st January to 30th April 2025,"20% off (from rack rates) on Bed & Breakfast, Half Board, Full Board basis",https://www.hnb.net/images/cardpromotions/lotus-estate-colombo-logo.jpg,https://www.hnb.net/personal/promotions/card-promotions/hotels/debit-cards/lotus-estate-colombo
3,3,"20% OFF ON 300+ DAIRY ITEMS FOR BILLS ABOVE LKR 4,000 AT CARGILLS FOOD CITY, EXPRESS & FOOD HALL OUTLETS",Cargills Food City,,"Cargills Food City, Express & Food Hall outlets","Minimum bill value will be LKR 4,000
Maximum discount applicable per bill, per day will be LKR 1,000
Maximum quantity per bill, per day is 5 units/kg of each product
Offer is not valid for gift vouchers, liquor, tobacco and pharmacy products
Offer is excluded on online and WhatsApp orders and cannot be combined with any other offers
Offer will not be available for Ice-cream products
One Transaction per card holder per day",All HNB Credit Cards,06th & 27th January 2025 (Monday),"20% off on Dairy items for bills above LKR 4,000 (view the list)
Cheddar Cheese products are excluded",https://www.hnb.net/images/cardpromotions/cargills-food-city-new-logo.jpg,https://www.hnb.net/personal/promotions/card-promotions/shopping/credit-cards/cargills-food-city
3,3,"25% OFF ON FRESH VEGETABLES, FRUITS & SEAFOOD FOR BILLS ABOVE LKR 4,000 AT KEELLS OUTLETS",Keells,,All Keells outlets,"Offer valid only for fresh vegetables, fruits & seafood (except packeted items)
Minimum bill value will be LKR 4,000
Maximum discount applicable per bill, per day will be LKR 1,000
Offer is valid only at Keells outlets for walk in customers
Maximum quantity per card, per day is 3kg/Unit of each product
Minimum bill value will exclude on gift vouchers, liquor, tobacco, pharmacy products, Packeted Fruits , Packeted Vegetables and Packeted Seafood
Offer is NOT valid for online transactions, gift vouchers, liquor, tobacco and pharmacy products
Offer cannot be combined with other offers
Offer will be excluded on redeem nexus points",HNB Credit Cards,Till 29th January 2025 (Every Tuesday & Wednesday),"25% off on fresh vegetables, fruits & seafood for bills above LKR 4,000",https://www.hnb.net/images/cardpromotions/keells.jpg,https://www.hnb.net/personal/promotions/card-promotions/shopping/credit-cards/keells
3,3,"10% OFF ON TOTAL BILL ABOVE LKR 3,000 AT LAUGFS SUPERMARKET (EVERY THURSDAY)",Laugfs Supermarket,,All outlets,"Maximum discount will be LKR 1,000 per card per day
Valid for bills above LKR 3,000
Maximum quantity per bill per day will be 3kg/units each from the categories of milk powder, rice, sugar, dhal & flour
For other products - Maximum quantity per bill per day will be 3kg/ units
Offer cannot be combined with any other existing offers
Minimum bill value will exclude Liquor, tobacco, pharmaceuticals, existing discounted products, gift vouchers, hampers, gas purchases & utility bill payments
Offer valid only for walk-in customers and excluded for online purchases
The promotions are open to all holders of Mastercard and Visa Credit Cards issued by Hatton National Bank PLC.
The card member(s) is/are to settle the total bill via their HNB Mastercard and Visa Credit Card to be eligible for the discount offered.
The offers cannot be exchanged for cash and/or used in conjunction with any other promotional programs or offers provided by service establishment involved in this promotion.
Hatton National Bank PLC reserves the right to withdraw, modify or change all or any of the rules, terms & conditions applicable to this promotion at any given time without prior notice.
If any dispute arises regarding any of the terms and conditions contained herewith, the decision of the respective service establishment and Hatton National Bank PLC shall be final.
The promotion is bound by the terms & conditions of the respective service establishment and Hatton National Bank PLC.
Hatton National Bank PLC accepts no liability for the quality of goods and services provided by the service establishments involved in this promotion since the Bank is not the supplier of such goods and services.
The General Credit card terms and conditions will continue to apply.",All HNB Credit Cardholders,Till 30th January 2025 from 4pm to 8pm (Every Thursday),"10% off on total bill above LKR 3,000",https://www.hnb.net/images/cardpromotions/laugfs-super.jpg,https://www.hnb.net/personal/promotions/card-promotions/shopping/credit-cards/laugfs-supermarket
3,3,"25% OFF ON BILLS ABOVE LKR 7,500 AT GLOMARK OUTLETS AND ONLINE STORE",Glomark - Softlogic Supermarkets,,"Wattala 
Delkanda
Kurunegala
Kottawa
Nawala
Mt. Lavinia
Malabe
CR & FC
Negombo
Thalawathugoda
Kandana
Kandy MCC
Asiri Central
Asiri Kandy","Minimum bill value will be LKR 7,500 per order per card
Maximum discount will be LKR 5,000 per card per day
One transaction per day per card
Discount will exclude on Milk Foods, Eggs, Milk powder, Over the counter products, Malt products, Infant foods, Hot food, Whole chicken, Sugar, Flour, Rice, Pulses, Coconuts, Liquor, Tobacco, Gift vouchers, Electronics, Hampers, Pharmaceuticals, Furniture, Gift vouchers & discounted items
Maximum quantity per bill, per day is 5 units or 5kg’s of each item.","Eligibility: HNB Credit Cards
 
Website: www.glomark.lk  (during the day)","10th & 24th January 2025





In-store - 3pm to 8pm only


Glomark.lk - Full day","25% off on bills above LKR 7,500",https://www.hnb.net/images/cardpromotions/glomark-softlogic.jpg,https://www.hnb.net/personal/promotions/card-promotions/shopping/credit-cards/glomark-softlogic-supermarkets-cc
3,3,"30% ON SELECTED FRESH VEGETABLES, FRUITS, SEAFOOD AND MEAT ITEMS FOR BILLS ABOVE LKR 4,000 AT ARPICO SUPERCENTRES, SUPERSTORE & DAILY OUTLETS (EVERY SATURDAY & SUNDAY)","Arpico Supercentres, Superstore & Daily Outlets",,"Arpico Supercentres, Superstore & Daily Outlets","Minium discount available per bill value will be LKR 4,000 per day
Offer is valid only on selected fresh Fruits, Vegetables, Seafood & Meat items
Offer is excluded on Potatoes, Coconut, Big onion, Packeted Vegetables, Packeted Fruits & Packeted Seafood, Processed Meat. Gift Vouchers, Liquor, Tobacco, Furniture and Pharmacy Products
The maximum quantity per bill, per day is 3kg of each product
Offer is available at Arpico Supercentres, Superstore and Arpico Daily outlets and excluded on online purchases
Maximum discount will be LKR 1,500 per card per day per bill",HNB Credit Cards,Till 26th January 2025 (Every Saturday & Sunday),"30% on selected fresh vegetables, fruits, seafood and meat items for bills above LKR 4,000 (click here for items list)",https://www.hnb.net/images/cardpromotions/arpico-daily-supercentre-logo.jpg,"https://www.hnb.net/personal/promotions/card-promotions/shopping/credit-cards/arpico-supercentres,-superstore-daily-outlets"
3,3,"20% OFF ON TOTAL BILL ABOVE LKR 4,000 AT SPAR SUPERMARKET OUTLETS",SPAR Supermarket,,"Thalawathugoda
Papiliyana
Kalubowila
Wattala
Union Place
Kelaniya
Seeduwa
Negombo
Gampaha
Malabe
Galle","Minimum per transaction value will be LKR 4,000
Maximum discount will be LKR 2,000 per card per day per bill
Maximum quantity per bill per day is 1 unit/kg for purchase of Sugar, Rice, Dhal and Milk Powder
Maximum quantity per bill, per day is 5 units/kg of other products
Discount will be excluded on Liquor, Pharmaceuticals, Tobacco, Bill payments and Gift vouchers
Offer will be valid at all outlets except online purchases
Offer cannot be combined with any other offers and cannot be exchanged for cash",All HNB Credit Cards,30th January 2025,"20% off on total bill above LKR 4,000",https://www.hnb.net/images/cardpromotions/spar-supermarket.jpg,https://www.hnb.net/personal/promotions/card-promotions/shopping/credit-cards/spar-supermarket
3,3,CELEBRATE THIS SEASON IN STYLE AND HAPPINESS WITH YOUR HNB CREDIT CARD!,Selected Merchants - Kalmunai,,Offers are available at Kalmunai outlets only,"Offer cannot be combined with any other promotions
Selected branded items are excluded",All HNB Credit Cards,15th December 2024 to 15th January 2025,"Up to 25% off at selected partners in Kalmunai
 
Logo
Merchant
Offer
Fashion
Best Point
25% off
Mohamed Tex
20% off
House of Brands
20% off
Indian Selection
10% off
Abdulla Textiles
10% off
Sigaram Textiles
10% off
Orchid Shoe Land
10% off
Yahoo Shoe Palace
10% off
Supermarket
STM Supermarket
5% off
Restaurant & Other
Dhuniya Sweet Centre
10% off
 
Babujees (Ice-cream items)
10% off
 
Althab Restaurant (Selected items)
5% off",https://www.hnb.net/images/cardpromotions/hnb-credit-cards.jpg,https://www.hnb.net/personal/promotions/card-promotions/shopping/credit-cards/selected-merchants-kalmunai
3,3,"10% OFF ON BILLS ABOVE LKR 7,500 AT GLOMARK OUTLETS AND ONLINE STORE",Glomark - Softlogic Supermarkets,,"Wattala 
Delkanda
Kurunegala
Kottawa
Nawala
Mt. Lavinia
Malabe
CR & FC
Negombo
Thalawathugoda
Kandana
Kandy MCC
Asiri Central
Asiri Kandy","Minimum bill value will be LKR 7,500 per order per card
Maximum discount will be LKR 2,000 per card per day
One transaction per day per card
Discount will exclude on Milk Foods, Eggs, Milk powder, Over the counter products, Malt products, Infant foods, Hot food, Whole chicken, Sugar, Flour, Rice, Pulses, Coconuts, Liquor, Tobacco, Gift vouchers, Electronics, Hampers, Pharmaceuticals, Furniture, Gift vouchers & discounted items
Maximum quantity per bill, per day is 5 units or 5kg’s of each item.",HNB Debit Cards,"10th & 24th January 2025





In-store from 3pm to 8pm only


Glomark.lk - Full day","10% off on bills above LKR 7,500",https://www.hnb.net/images/cardpromotions/glomark-softlogic.jpg,https://www.hnb.net/personal/promotions/card-promotions/shopping/debit-cards/glomark-softlogic-supermarkets-10
3,3,"5% OFF ON TOTAL BILL ABOVE LKR 3,000 AT LAUGFS SUPERMARKET (EVERY THURSDAY)",Laugfs Supermarket,,All outlets,"Maximum discount will be LKR 1,000 per card per day
Valid for bills above LKR 3,000
Maximum quantity per bill per day will be 3kg/units each from the categories of milk powder, rice, sugar, dhal & flour
For other products - Maximum quantity per bill per day will be 3kg/ units
Offer cannot be combined with any other existing offers
Minimum bill value will exclude Liquor, tobacco, pharmaceuticals, existing discounted products, gift vouchers, hampers, gas purchases & utility bill payments
Offer valid only for walk-in customers and excluded for online purchases",All HNB Debit Cardholders,Till 30th January 2025 from 4pm to 8pm (Every Thursday),"5% off on total bill above LKR 3,000",https://www.hnb.net/images/cardpromotions/laugfs-super.jpg,https://www.hnb.net/personal/promotions/card-promotions/shopping/debit-cards/laugfs-supermarket
3,4,40% OFF ON SELECTED SAREES AT WIJAYA SAREE MANDIRAYA & SELECTED CIB OUTLETS,Wijaya Saree Mandirya - Nugegoda and Maharagama Saree sales counters in all CIB Shopping Centers CIB Mobile sales,,,"Offer cannot be combined with any other offers
This Promotion cannot be combined with any other promotions
This promotion is valid until stock last",All HNB Credit and Debit Cards,"04th, 05th, 11th, 12th, 18th, 19th, 25th and 26th January 2025",40% off on selected Bridal Sarees and Home coming sarees,https://www.hnb.net/images/cardpromotions/cib.jpg,https://www.hnb.net/personal/promotions/card-promotions/fashion/credit-cards/wijaya-saree-mandirya-nugegoda-and-maharagama
3,4,40% OFF ON SELECTED SAREES AT WIJAYA SAREE MANDIRAYA & SELECTED CIB OUTLETS,Wijaya Saree Mandirya - Nugegoda and Maharagama Saree sales counters in all CIB Shopping Centers CIB Mobile sales,,,"Offer cannot be combined with any other offers
This Promotion cannot be combined with any other promotions
This promotion is valid until stock last",All HNB Credit and Debit Cards,"04th, 05th, 11th, 12th, 18th, 19th, 25th and 26th January 2025",40% off on selected Bridal Sarees and Home coming sarees,https://www.hnb.net/images/cardpromotions/cib.jpg,https://www.hnb.net/personal/promotions/card-promotions/fashion/debit-cards/wijaya-saree-mandirya-nugegoda-and-maharagama-saree-sales-counters-in-all-cib-shopping-centers-cib-mobile-sales
