bank_id,category_id,merchant_details,merchant_contact,offer_details_1,offer_validity,discount,image_url,more_details_url
6,1,WATERS EDGE OFFERS,,"Offer valid at Kobe, ((international buffet & brunch only) Thunapaha,Pranzo,BATE ,Boardwalk, Diyatha restaurants
Min Bill Value Rs.5,000/-
Excluding special promotional days, Poya days & Festive days
Offer not valid for Seylan Freedom Cards
General terms and conditions apply",Valid from 01-30 April 2025,25% OFF SELECTED RESTAURANTS WITH YOUR SEYLAN VISA SIGNATURE & WORLD MASTERCARD CARDS,https://www.seylan.lk/uploads/WATERS-EDGE.jpg,https://www.seylan.lk/waters-edge-general-offers-1
6,1,JETWING HOTELS VISA SIGNATURE & WORLD MASTERCARD CARD OFFERS,,"Offer valid at Virticle by Jetwing,Jetwing Blue - Kitchen,Jetwing Lighthouse -Cardmom Cafe,Jetwing Seven - Ward 07,Jetwing Sea - Cafe C,Jetwing Beach - The Sands & Jetwing Jaffna – Peninsula
Minimum bill value Rs.5,000 and above.
General terms and cinditions apply",Valid from 20 March - 20 April 2025,20% OFF AT SELECTED RESTAURANTS FOR VISA SIGNATURE & WORLD MASTERCARD CARD HOLDERS,https://www.seylan.lk/uploads/JETWING-HOTELS.jpg,https://www.seylan.lk/jetwing-hotels-visa-signature-world-mastercard-card-offers-1
6,1,Governor's Restaurant by Mount Lavinia,Tel No : 077 228 9721 / 074 310 4270,"Restaurant: Governor's Restaurant
Valid for Lunch and Dinner Buffets
For reservation email : fbreservations@mountlaviniahotel.com
General Terms & Conditions of the merchant may apply",Valid from 01 February to 31 March 2025,Enjoy 10% off with your Seylan Credit Cards,https://www.seylan.lk/uploads/Mount-Lavinia-Hotel.jpg,https://www.seylan.lk/promotions/cards/dining/cafe-maitland-by-mount-lavinia
6,1,WAFL CAFE,Tel No : WAFL Café One Galle Face 0117 011778 I WAFL Café Wellawatte 0117 104104,"Valid at One Galle Face & Colombo City Centre Outlets 
General terms and conditions apply",Valid from 01 - 30 April 2025,Enjoy 20% off on total bill for Seylan Credit & Debit Cards,https://www.seylan.lk/uploads/WAFL.jpg,https://www.seylan.lk/wafl-sri-lanka-1
6,1,t LOUNGE BY DILMAH,,"Applicable only for Food and Beverages- cannot be used with another promotion.
General terms & conditions apply",Valid from 10 March - 30 April 2025,10% off on Total Bill with your Seylan Cards,https://www.seylan.lk/uploads/T-LOUNGE.jpg,https://www.seylan.lk/t-lounge-by-dilmah-1
6,1,BLUE WATER HOTEL & SPA - WADDUWA,Tel No : 076 889 3696 / 076 889 3693,"25% off on Rooms
Booking period – Until 30th of April 2025
Stay Period – Until 30th of April 2025
Inquiry Number – +94 77 387 6579
 
Booking Link - https://reservations.bluewatersrilanka.com/index/promo/code/APGD/pr/3
15% discount on dining at Dragon Boat Restaurant, Admirals Room Restaurant, and Seven Seas Coffee Shop, 
Card member(s) must settle the total bill using their credit card to avail of the discount at the time of payment.
The offers cannot be exchanged for cash and/or used in conjunction with any other promotional programs or offers provided by the service establishment involved in this promotion.
The offer cannot be combined with any other promotion",Valid until 30 April 2025,25% off on Room Rates for Seylan Credit Cards,https://www.seylan.lk/uploads/BLUE-WATER-WADDUWA.jpg,https://www.seylan.lk/promotions/cards/local-travel/blue-water-hotel-spa-wadduwa
6,1,Chinese Lotus Luxapathiya,Tel No : 0767784471,"10% Discount on Debit & Credit Cards for Dine-in Customers @ the Restaurant on the Food Only.
Valid for Lunch Only from 10am to 3pm.
Dine-in customer's minimum bill value Rs.4900/- & up.
Card offers can't be combined with other promotions/offers.",,10% off on Total Bill with your Seylan Credit & Debit Cards,https://www.seylan.lk/uploads/ollGsn3WbMLZ6EyIRPXFKWezkZR4__Chinese%20Lotus.png,https://www.seylan.lk/promotions/cards/dining/chinese-lotus-luxapathiya
6,2,AMAARA HOTELS,Tel No : 077 00 38 312,"Confirmation – 50% advance payment (100% if within the cancellation period) 
Blackout Period – 11th to 20th April 2025
20% off on the blackout period
Offer valid only for HB and FB reservations
Check in: 2 pm / Check out 11 am
Card Payments : Link will be sent to the card holders for the card payment after receiving reconfirmation by return email


Child Policy :
Children below 3 years of age sharing with parents will be on complimentary and 3 to 12 year will be charged for meals on booked basis

Child Meals on FB : LKR 3,500 Per Child/Per Night
Child Meal on HB : LKR 2,500 Per Child/Per Night
Extra Bed : LKR 2,000
Baby Cot : Will be provided free of charge (on availability)

Cancellation Policy:
100% charge if you cancelled within 14 days of check-in
FOC if cancelled any time before

Driver Quarters : LKR 3,500 Per drive including meals at Amaara Forest Hotel and we do not provide any driver quarters at Amaara Sky Hotel",Valid from 01 April - 30 June 2025,Up to 30% off or Seylan Credit & Debit Cards,https://www.seylan.lk/uploads/AKMAARA-HOTELS-COMPOSITE.jpg,https://www.seylan.lk/amaara-hotels-1
6,2,Amaara Sky Kandy Cracker Deal,"Tel No : Amaara Sky Hotel, Kandy – 0774778315 / 0774778312","Book online via www.amaarahotels.com

Amaara Forest Hotel, Sigiriya - 40% OFF | Flash Sale – Weekends & Weekdays
Amaara Sky Hotel, Kandy - 40% OFF | Flash Sale – Weekends & Weekdays
Black-Out Dates Applied – 20% Off
11th to 20th April & 10th to 13th May
Stay Period – Till 31st May 2025
Offer valid only for HB and FB bookings
Non-refundable / Non-amendable
Hotel Reservations Hotline - 0770038312
Web Site – www.amaarahotels.com
Pomo Code - SEYFO
General terms  & conditions apply",,Enjoy up to 40% off for Seylan Credit Card Holders,https://www.seylan.lk/uploads/v8pPcbntHp5P8QFMWNxVfjA1JSlb__AMAARA%20SKY.jpg,https://www.seylan.lk/promotions/cards/local-travel/amaara-sky-kandy
6,2,AITKEN SPENCE HOTELS,,"Participating Hotels

Tea Factory - Offer: 30%
Stays from 17 – 31 March

Heritance Ahungalla - Offer: 25%
Stays from 1 -30 April (except for 10 – 15 April)

Sentido Heritance - Negombo - Offer: 41%
Stays from 17 – 31 March

Offer: 32%
Stays from 1 -30 April (except for 10 – 15 April
 

Turyaa - Kalutara -Offer: 37%
Stays from 17 March – 30 April (except for 10 – 15 April)

Amethyst - Pasikudah -Offer: 37%
Stays from 17 March – 30 April (except for 10 – 15 April)

Earls Regency-  Kandy - Offer: 28%
Stays from 1 - 30 April (except for 10 – 15 April)

Rainforest Eco Lodge -Offer: 34%
Stays from 17 March – 30 April (except for 10 – 15 April)

Booking Method : https://www.aitkenspencehotels.com/cc-offer-mar-2025

Booking conditions

The offer will be valid only for the Bank’s credit card holders during the aforementioned period of the offer.
The discounted rate is applicable for bookings made between 17 March – 9 April 2025.
The offer is valid for stays between 17 March – 30 April 2025 only. Excluding, blackout period from 10 – 15 April 2025.
Rates are inclusive of taxes (as imposed by the government).
Rates are subject to change at any time prior to a confirmed booking.
Reservations to be made by visiting https://www.aitkenspencehotels.com/cc-offer-mar-2025 only.
Rooms are subject to availability for this offer and will be confirmed, on a first-come-first-serve basis.
For the Rainforest Ecolodge; rate is inclusive of combined transport from car park to the hotel and back for 5-7 pax per jeep (one way: 8.8 Km/45 mins). If the guest chooses to arrange their own transportation, full payment inclusive of transport will still apply.
Full payment must be made to secure the booking.
The payment made is non-refundable and non-transferable.
Offer is not applicable for extras consumed at the property.
The discount given is based on the rack rate as determined by the company and not on rates that may be published on other platforms.Offer applicable only for Sri Lankans and Sri Lanka resident visa holders.
Cardholder must be present for the duration of the booked stay period for the offer to be valid.
Cardholder is required to submit the credit card & NIC/passport upon arrival at the Hotel for verification purposes.
Offer will not be valid if referred to at the time of check-in or checkout.
Kindly note meals served will be on a la carte or buffet, based on the hotels occupancy and will be determined by the hotel management.
Name changes will not be accepted once the payment is made.
For cancellations, full payment is non-refundable.
Please note the offer is not applicable for :
Corporate outings and day outings
Gift vouchers
Pre-confirmed bookings
To be combined with other offers
Reservations made through any other platforms, online or offline",,UP TO 41% OFF ON DBL I TPL BASIS WITH YOUR SEYLAN CREDIT CARDS,https://www.seylan.lk/uploads/AITKEN-SPENCE-HOTELS.jpg,https://www.seylan.lk/aitken-spence-hotels-1
6,2,BROWNS HOTELS & RESORTS,Tel No : 0117 930 930,"Applicable Properties - Dickwella Resort & Spa / Club Hotel Dolphin / Thaala Bentota / Hotel Sigiriya
Travel window - 01st May to 30th June 2025
Promo Code - SEY25
Book Via www.brownshotels.com
All bookings are strictly subject to availability on the website.
Blackout dates will apply.
General terms & cinditions apply",,"20% off on BB, HB and FB Basis with your Seylan Cards",https://www.seylan.lk/uploads/BROWNS-HOTELS.jpg,https://www.seylan.lk/browns-hotels-resorts-1
6,2,AMAYA RESORTS & SPAS,Tel No : 94114767888,"Amaya Resorts and Spas 

Amaya Hills – 30%
Amaya Lake – 25%
Amaya Beach – 30%

Boutique Collection by Amaya 

Langdale Boutique Hotel, Nuwara Eliya  - 30%
The Villas, Wadduwa – 30%
Tri, Koggala – 30%
Call Only - 
Oliphant Boutique Villa, Nuwara Eliya -30%
Villa 700, Bentota – 30%
Hanthana Boutique Villa, Kandy – 30%
Stay Period : 15th March – 30th of June, 2025

•    Applicable Meal Plans - BB, HB, FB
•    Special conditions. – 100% of the payment should be made to secure the booking. Booking is non-refundable. 
•    Reservation link.  
•    Resorts - https://www.amayaresorts.com/ 
•    Boutique Collection by Amaya - https://www.boutiquecollectionbyamaya.com/ 
•    Promo Code – SEY25
•    Reservation number 
•    Resorts  - +94 11 4 767888
•    Boutique Collection - +94772953527",,Enjoy up to 30% off on Half Board and Full Board plans on Double & Triple Basis only with your Seylan Credit Cards,https://www.seylan.lk/uploads/Amaya-Resorts-&-Spas.jpg,https://www.seylan.lk/seylancard/promotions/local%20travel/amaya-resorts-spas
6,2,Centauria Resorts,Tel No : 0094477634630/31,"Centauria Wild Udawalawa

Hotel Address:Thanamalwilla Road,Sewanagala,Udawalawa
Contact Numbers:0477634630/31/0773600965/077653402
Email:wild@centauriahotels.com/mktg@centauriahotels.com
Debit Card Discount: 15% Off
Credit Card Discount: 20% Off

Centauria Lake Embilipitiya

Hotel Address:New Town,Embilipitiya
Contact Numbers:0472230514/077653402
Email:reservations.lake@centauriahotels.com/mktg@centauriahotels.com
Debit Card Discount: 10% off
Credit Card Discount: 15% off

General terms and conditions apply",Valid from 20 Feb - 30 June 2025,UP TO 20% OFF WITH YOUR SEYLAN CARDS,https://www.seylan.lk/uploads/CENTAURIA-WILD.jpg,https://www.seylan.lk/centauria-wild-udawalawa-1
6,2,OAK RAY HOTELS & RESORTS,Tel No : 076-1061060 / 076-1051050,"Offer valid at below properties

Oak Ray Regency – Kandy (077-2208699)
Oak Ray Serene Garden – Kandy (077-2208699)
Senani Hotel – Kandy – (077-2208699)
Oak Ray Heritage – Kandy (077-2208699)
Pelwehera Village Resort – Dambulla – (077-2208699)
Fresco Water Villa – Sigiriya – (077-2208699)
Oak Ray Elephant Lake – (077-2208699)
Liyya Water Villa – Dambulla (077-2208699)
Oak Ray Tea Bush – Ramboda – (077-2208699)
Oak Ray Summer Hill Breeze – Nuwara Eliya (077-2208699)
Oak Ray Ella Gap – Ella (077-2208699)
Oak Ray Wild Yala – Thissamaramaya (077-2208699)
Rain Tree by Oak Ray - Thissamaramaya  (077-2208699)
 

 Sinhala & Hindu New Year Supplements will be Applicable for the relevant period
General terms and conditions apply",Valid until  30 April 2025,25% for DBL FB & 20% from TPL FB for Seylan Credit Cards,https://www.seylan.lk/uploads/OAKRAY-HOTELS-new.jpg,https://www.seylan.lk/oak-ray-hotels-resorts-1
6,2,ARALIYA HOTELS,,"Araliya Green City

•    07% discounts on selected Foods & beverages Restaurant and BAR
•    10% discount on Spa Treatment in Balinese Ayu Spa at the resort
•    Late check-out / Early check in. ( Subjected to availability )
•    Booking will be pre-paid, non-refundable and none cancellable.
•    Promo code AGCAMEX

Blackout Period - 10th to 20th April 2025
Payment must be made from the selected bank Credit/Debit Card to avail the discounted offer.
Contact numbers 070 361 2415 (Rukshan) 052 222 5000


Araliya Green Hills
 
•    Half an hour billiard table (Subject to availability and required prior reservation)
•    10% off for spa treatments
•    10% off for laundry services
•    Early check-in at 12:00noon (Subject to availability and our standard check-in time is 14:00h)
•    Late check-out till 14:00h (Subject to availability and our standard check-out time is 12:00h)
Child Policy
 
•    0-4 years on FOC – Maximum 02 kids can share the parent room.
•    5-11 years on half rates from buffet meals - Maximum 02 kids can share the parents room.
•    12 years and above will be considered as an adult.
•    Offer valid only for SGL | DBL | TPL rooms
 
For reservations: 0703510402 | 0703515284


Araliya Red
 
Not Applicable for the family room/Booking should be under the cardholder name/Payments on Arrival/Check-in 02.00 pm and Checkout before 12.00 pm.

Reservation Numbers          -               0704700829/0522226000",Valid until 30 April 2025,15% off on Room rates at for Seylan Cards,https://www.seylan.lk/uploads/ARALIYA-COMPOSITE.jpg,https://www.seylan.lk/araliya-hotels-1
6,2,AVENRA BEACH HOTEL - HIKKADUWA,Tel No : +94 77- 228-72-31 & + 94 91 22 77 186,"Offer valid for Credit & Debit Cards
Buffet is depended on the guest count. Otherwise it will be set menu
General terms and conditions apply",Valid until 30 September 2025,10% Off on Double Room and Triple Rooms on Full Board Basis,https://www.seylan.lk/uploads/AVENRA-BEACH-HIKKADUWA.jpg,https://www.seylan.lk/avenra-beach-hotel-hikkaduwa-1
6,2,Joes Resorts,Tel No : 0112581132/0779594545,"Discount Applicable for  BB, HB and FB only 

Offer Valid at following Hotels

Apa Villa Thalpe
Era Beach Thallpe
Joes Resort Unawatuna
Joes Resorts Bentota
Lotus Estate Colombo

General terms and conditions apply",Valid from 01-30 April 2025,20% Off with your Seylan Cards,https://www.seylan.lk/uploads/JOES-RESORTS-COMPILED-NEW.jpg,https://www.seylan.lk/joes-resorts-1
6,2,The Golden Ridge Hotel – Nuwara Eliya,,"Stay Period  : 01st May 2025 to 30th June 2025  [ Except 09th to 13th May 2025] 
Offer valid for all room categories & all meal plans [Except for Mountain view Suite]  
Offer cannot be combined with any other ongoing offers 
Maximum discount value with two room inventories per card per day
Reservation #     - 0743345722
General terms & conditions apply",Valid from 01-30 April 2025,15% off on the room rates with your Seylan Credit Cards,https://www.seylan.lk/uploads/GOLDEN-RIDGE.jpg,https://www.seylan.lk/the-golden-ridge-hotel-nuwara-eliya-1
6,2,MELHEIM RESORTS,Tel No : 070-2354466 - Ruwani Jayakody,"Offer Valid on Below Properties

Melheim Resort and Spa - Haputale
Melheim Villas - Kandy 
Melheim Beach - Kalpitiya 
General terms & conditions apply",Valid until 30 April 2025,Enjoy 40% off for Seylan Credit & Debit Cards,https://www.seylan.lk/uploads/MELHEIM-RESORTS.jpg,https://www.seylan.lk/melheim-resorts-1
6,2,TTS HOSPITALITY,Tel No : 0777183433 - Pawani,"Offers Valid at Below Properties
The Radh Kandy
The Other Corner Habarana
Kalu’s Hideaway Udawalawa
Kalundewa Retreat Dambulla
Tribe Yala

General Terms & Conditions Apply",Valid until 30 June 2025 ( The dates would differ from property to property),SPECIAL DISCOUNTS FOR SEYLAN CARDS,https://www.seylan.lk/uploads/TTS-HOSPITALITY.jpg,https://www.seylan.lk/tts-hospitality-1
6,2,GOLDEN CROWN HOTEL,Tel No : 763591655 / 011 7743900,"Stay period : 01st May 2025 to 30th June 2025  [ Except 09th to 13th May 2025] 
Offer valid for all room categories & all meal plans [Except for Presidential and Crown Suite]  
Offer cannot be combined with any other ongoing offers 
Maximum discount value with two room inventories per card per day
Reservations #    - 0117743900
General Terms and conditions of the hotel & Bank Apply",Valid from 01-30 April 2025,20% OFF on Deluxe Rooms for Seylan Credit Cards,https://www.seylan.lk/uploads/GOLDEN-CROWN-HOTEL.jpg,https://www.seylan.lk/golden-crown-hotel-1
6,2,UGA ESCAPES,Tel No : 0112117100 / 011 2328832,"Uga Jungle Beach Resort, Trincomalee
Room types - Uga Jungle Beach: Lagoon Cabin/Jungle Cabin/Beach Cabin. 
Offer valid for Single/Double & Triple occupancy for both Half Board and Full Board Basis.
 
Uga Bay Resort, Passikudah
Room types - Uga Bay: Beach Studio / Ocean Studio 
Offer valid for Single/Double & Triple occupancy for both Half Board and Full Board Basis for Beach Studio. Ocean Studio category offers only Single & Double occupancy.
 
Promotion Url :  https://reservations.ugaescapes.com/index/promo/code/SEYU/pr/18",Valid from 15 March - 30 June 2025,Enjoy 45% off on Room Rates with your Seylan Cards,https://www.seylan.lk/uploads/UGA-COMPOSITE.jpg,https://www.seylan.lk/uga-escapes-1
6,2,MARADHA HOTEL,Tel No : +94112550136- 9,"Swasthya Wellness Spa

•    10% discount for bills over 15,000 LKR on Swasthya Wellness Spa  
•    Period   : 15th March to 30th April 2025
•    Contact : +94 70 654 3270/ +94 112 550 136

Dining  Category 

•    Promotion Offer : 15% Off on Dining
•    F&B Outlets         : Healing Cafe | Royal Code | Sky Yard Roof Top Bar & Lounge
•    Period : 15th March to 30th April 2025
•    Contact : +94 70 654 3223/ +94 112 550 136

Local Travels  Category 
•    Promotion Offer : 15% Off on Rooms
•    Period : 15th March to 30th April 2025
•    Contact : +94 70 654 3223/ +94 112 550 136",Offer valid  from 15 March - 30 April 2025,15% Off for Seylan Cards,https://www.seylan.lk/uploads/MARADHA-HOTEL.jpg,https://www.seylan.lk/maradha-hotel-1
6,2,WATERS EDGE HOTEL,Tel No : +94 77 387 6579,"Stay Period – Until 30th of April 2025
Inquiry Number – +94 77 387 6579

Booking Link - https://reservations.bluewatersrilanka.com/index/promo/code/APGD/pr/3
  
•    The card member(s) is/are to settle the total bill via their Credit Card to be eligible for the discount offered when making reservations.
•    The offers cannot be exchanged for cash and/or used in conjunction with any other promotional programs or offers provided by service establishment involved in this promotion.
•    Offer cannot be combined with any other promotion, pre confirmed bookings.
•    Cancellation Policy: 100% chargeable if the booking is canceled 14 days prior to check-in.
•    If a reservation is cancelled after the full payment is done (even if it is outside the cancellation period) the amount paid will be held as credit which can be utilized for a reservation on a future date decided unanimously by the client and hotel.",,"Enjoy 25% off with your Credit Cards for bills over Rs.5,000/- maximum upto Rs.20,000",https://www.seylan.lk/uploads/WATERS-EDGE.jpg,https://www.seylan.lk/waters-edge-hotel-1
6,2,MOI HOTELS,,"25% Weekends ( Friday & Saturday and holidays ) and 35% Weekdays ( Sunday to Thursday - except holidays )  

•   Moi Ella by DBI
•    Moi Koggala by DBI 
•    Moi Dambulla by DBI 
•    Moi Talpe 
•    Moi Induruwa 

DBI Select ( Valid only for Visa Signature & World Mastercard Cards)
•   The CheRiz  - Nuwara Eliya
•   The Niche - Hikkaduwa
•   Saffron & Blue 

Travel Period: 30th June 2025

Value Additions: 10% off on food ordered from the A la carte menu for bills over Rs.5,000 ( per  bill) 
 

Central Reservations - 074 123 2377 for further details 
Full payment should be made making to at the time of making the reservation through Moi website.
Applicable for Sri Lankans and Expatriates.
Applicable for Double rooms ( Offer may apply for Triples and Family rooms at hotels decision)
This offers cannot be combined with any other offers/ promotions.
Offer is nonrefundable and no date change is allowed.
Offer is subject to availability/ Blackout periods may apply.
Child policy and other hotel policies will be applied.","DBI Select ( Valid only for Visa Signature & World Mastercard Cards)
•   The CheRiz  - Nuwara Eliya
•   The Niche - Hikkaduwa
•   Saffron & Blue",Up to 35% off with your Seylan Credit Cards,https://www.seylan.lk/uploads/MOI.jpg,https://www.seylan.lk/moi-hotels-by-dbi-1
6,2,V C VILLAS,,"VC Villas and Resorts

South Lake Resort – Koggala
Birds Park – Polgahawela
Cottage 42 - Nuwara Eliya
Dream Lodge – Hanthana
Gedara Villa – Kalutara
Villa Indrasiriya – Ahangama
Sathmin Villa - Ahangama

 

T & C’s

1.The offer will be valid only for all Seylan Bank credit and debit card holders.

2. In order to enjoy the promotion, the full payment needs to be settled with Master or Visa Card of above bank

3. Only 50% of the discounted room rate will be debited to the Cardholder at the time of reservation & the balance should be settled at the hotel from the same card by the Cardholder.

4. Reservations to be made in advance by way of making a call to the hotel reservations.

5. The offer will not be applicable for reservations made through online and other platforms.

6. Reservations will be confirmed subject to availability.

7. The maximum per booking should not exceed two nights &  two rooms per card.

8. Discount will not be applicable on upgrades, extras and supplements.

9. The offer is not valid for corporate events / functions.

10. The offer will be valid on published local rates and will not apply on any special promotional rates.

11. The offer cannot be combined with any other existing offers.

12. The Bank accepts no responsibility in any way for any goods/services purchased and any dispute relating to same should be resolved by the cardholder directly with VC Villas & Resorts (Pvt) Ltd and any claim by the cardholder against VC Villas & Resorts (Pvt) Ltd will not relieve the cardholder from his/her obligation or repayment to the Bank.

13.The general terms & conditions of Bank and VC Villas & Resorts (Pvt) Ltd shall apply.

14. In the event of any dispute, the decision of the Bank shall be final.",Valid till 31 Dec 2025,25% on All room rates for Seylan Cards,https://www.seylan.lk/uploads/V-C-VILLA.jpg,https://www.seylan.lk/v-c-villas-1
6,2,EKHO HOTELS & RESORTS,,"EKHO Lake House
EKHO Ella 
EKHO Surf, Bentota
EKHO Safari, Tissamaharama
EKHO Sigiriya
EKHO Weligama
Queen's Hotel
Suisse Hotels Kandy

 

•         Booking Window until 10th April 2025  I Stay Window until  30th June 2025

•         Rooms are subject to hotel availability.

•         Extra Adult supplement LKR 10,000 including extra Bed.

•         Payment (100%) would  be deduct from credit card on time of the reservation.

•         Advance Payment Non-Refundable and Booking date can be change subject to availability

•         Discount will not be applicable on upgrades, extras, and supplements.

•         The offer cannot be used in conjunction with any other offers 

•         Rates are inclusive of all taxes and service charges

•         Full rate to be charged children 12 years and above

•         Children between 5 – 11.99 years will be charged 50% on meals (without extra bed)

•         Children below 05 years go free",Valid until 10 April 2025,Enjoy 30% off on Full Board Double Basis with your Seylan Cards,https://www.seylan.lk/uploads/EKHO-HOTELS.jpg,https://www.seylan.lk/ekho-hotels-resorts-1
6,2,REGAL RESEAU HOTEL & SPA,Tel No : 077 774 4498/ 031 228 1111,"Dining - 10% Off 
Reservation Contact - 0779799773
Names of the Restaurants – Sky Track & @ Celestia Restaurant

-    Only for Food and Beverage on Ala Carte / Buffet
-    Minimum bill value Rs.10,000/- Before Service Charge & Tax/Vat

Room Reservation Contact - 0777744498
Terms and Conditions – On availability and Get rack rates from Reservation Department",Valid from until 30 April 2025,Enjoy 15% savings on all room & dinning with your Seylan Visa Signature & World Masterard Cards,https://www.seylan.lk/uploads/REGAL-RESAU.jpg,https://www.seylan.lk/regal-reseau-hotel-spa-1
6,2,SIGIRIYA JUNGLES,Tel No : 0114 508508 / 066 4508508,"35% on weekdays and 30% on weekends and holidays for stays on HB or FB basis.
General Terms and Conditions Apply",Valid 01 Mar -30 April 2025,Up to 35% off with your Seylan Credit/Debit Card,https://www.seylan.lk/uploads/Uoh1KhtwKvollkTpbuOFOBIRdeu7__www.sigiriyajungles.com.jpg,https://www.seylan.lk/promotions/cards/leisure/sigiriya-jungles
6,2,ROYAL KANDYAN,Tel No : 94 812 060 466,"Rooms on HB and Full Board Basis – 10% Off
Restaurant – 10% Off
Chinese Cuisine (Royal Jasmine) – 10% off
General terms & conditions apply",Valid until 30 Nov 2025,SPECIAL DISCOUNTS WITH YOUR SEYLAN CARDS,https://www.seylan.lk/uploads/royal-kandyan.jpg,https://www.seylan.lk/royal-kandyan-1
6,2,SEA HORSE HOTEL & SPA NEGOMBO,Tel No : 0777300579 / 0777700579,"1.    The offer will be valid only for all Seylan Bank Master and Visa Credit / Debit Cardholders.
2.    In order to enjoy the promotion, the full payment needs to be settled with Seylan Bank Master or Visa Credit /Debit Cards.
3.    Only 50% of the discounted room rate will be debited to the Cardholder/Card Member at the time of reservation and the balance should be settled at the hotel from the same card by the Cardholder/Card Member.
4.    Reservations to be made in advance by way of making a call to the central reservations on 0777300579.
5.    The offer will not be applicable for reservations made through online and other platforms.
6.    Reservations will be confirmed subject to availability.
7.    The Hotel may restrict certain services/facilities as per the health guidelines and protocols.
8.    Discount will not be applicable on upgrades, extras and supplements.
9.    The offer is not valid for corporate events / functions.
10.    The offer will be valid on local rates and will not apply on any special promotional rates.
11.    The offer cannot be combined with any other existing offers.",Valid until 30 April 2025,20% off on Total Bill for Credit & Debit Cards,https://www.seylan.lk/uploads/SEA-HORSE-HOTEL-&-SPA-NEGOMBO.jpg,https://www.seylan.lk/sea-horse-hotel-spa-negombo-1
6,2,EMPIRE HOTELS,Tel No : Vidusan 070 476 7195 I Praveen 070 476 7138,"Offer valid for Rack Room rate for SGL/DBL/TBL on RO/BB/HB basis
For additional pax and other meal will be charged on usual hotel rate. 

Offer Applicable for below 04 Hotels
01.    Palazzo Hikkaduwa-
02.    Palazzo Hikaaduwa Beach
03.    Pallazzo Beach Thalpe
04.    Palazzo Lake Greogory

Hotels link
https://www.empirehotelssl.com",Valid from 01 Feb to 31 March 2025,30% Off on room rates with your Seylan Cards,https://www.seylan.lk/uploads/EMPIRE-HOTELS.jpg,https://www.seylan.lk/empire-hotels-1
6,2,WILD ESCAPES - BUTTALA,Tel No : 0114 508 508,"10% off on those who book the entire Villa (14 pax) at “WildEscape, Yala Blocks 3 &5”
Offer valid for Seylan Credit and Debit Cards
General terms and conditions of the merchant and bank apply",Valid until 30 April 2025,10% savings for reservation of entire bungalow for 2 or more nights,https://www.seylan.lk/uploads/WILD-ESCAPES.jpg,https://www.seylan.lk/wild-escapes-buttala-1
6,2,The Blackberry Cottage,Tel No : +94 727 456 456,"Valid for Seylan Credit & Debit Cards on the period below:
Stay Period - 31 July 2025
 
For Direct Bookings
Use Promo Code (All Caps) - SEYLAN15 
Booking Link - https://www.theblackberrycottages.com/booking/?hotel_id=1&be-offer=10039089
General Terms & conditions with Non-refundable policy apply.",Valid until 31 July 2025,15% off with your Seylan Cards,https://www.seylan.lk/uploads/BLACKBERRY-COTTAGE.jpg,https://www.seylan.lk/the-blackberry-cottage-1
6,2,Mount Cinnamon,Tel No : +94 777 288 881,"•    Applicable Meal Plans - Bread & Breakfast , Half Board and Full Board 
•    This promotion is not applicable for Room only reservations  
•    Booking window – 10th December – 30th April 2025
•    Traveling period – till 30th April 2025
•    Booking contact: +94 77 595 3513 (mention Seylan Bank Credit Card offer while booking)

General terms & conditions apply",Valid from 10 Dec 2024 - 30 April 2025,20% off on Room Rates with your Seylan Cards,https://www.seylan.lk/uploads/mount-cinnamon.jpg,https://www.seylan.lk/mount-cinnamon-1
6,2,Araliya Unawatuna Beach Hotel,Tel No : 091 203 1111,"email : reservations@araliyabeachresort.com 

30% off on Christmas Day 24th including a Dinner Dance & Christmas Brunch on the 25th of December with Infiniti Pool access 

Valid for deluxe rooms

General terms & conditions apply",Valid until 30 April 2025,20% off on room rates with your Seylan Cards,https://www.seylan.lk/uploads/ARALIYA-UNAWATUNA.jpg,https://www.seylan.lk/araliya-unawatuna-beach-hotel-1
6,2,Nyne Hotels,Tel No : Sholina on + 94 77 796 6252 or Diendra on +94 76 137 7659,"•    25% Discount on Bed & Breakfast Basis, Half Board Basis and Full Board Basis
•    Applicable for stays before 19th of December 2024
•    Full payment is required in order to confirm the booking
•    If cancelled within 30 days prior to arrival, the full amount will be charged
•    The Credit Card promotion will only be applicable for Seylan Bank Credit Card holders
•    Transport and Driver's accommodation will be arranged upon request with an additional cost
•    Payments should be done via credit card.
•    Credit Card Promotion Only Offered at selected Nyne Hotels properties
               ✦ Rock Villa (Bentota)
               ✦ The Muse (Bentota)
               ✦ Leela Walauwwa (Induruwa)
               ✦ Landesi (Galle Fort)
               ✦ Mayur Lodge (Yala)

 

Nyne Hotels - Rock Villa, Bentota offer valid on Bed & Breakfast, Half Board & Full Board 

Nyne Hotels - The Muse, Bentota offer valid on Bed & Breakfast, Half Board & Full Board 

Nyne Hotels - Leela Walauwwa, Induruwa offer valid on Full Board 

Nyne Hotels - Mayur Lodge, Yala offer valid on Full Board 

Nyne Hotels - Landesi, Galle Fort offer valid on Bed & Breakfast","Nyne Hotels - Rock Villa, Bentota offer valid on Bed & Breakfast, Half Board & Full Board",25% off with your Seylan Cards,https://www.seylan.lk/uploads/NYNE.jpg,https://www.seylan.lk/nyne-hotels-1
6,2,SUNGREEN RESORT & SPA,,General Terms & Conditions Apply,Valid until 30 April 2025,Enjoy 40% off on Room Rates with your Seylan Cards,https://www.seylan.lk/uploads/SUN-GREEN.jpg,https://www.seylan.lk/sungreen-resort-spa-1
6,2,Tropical Life Dambulla,Tel No : 0662030300 / 0777225151,"This offer is applicable for all Seylan Credit Cardholders.
Offer Valid for SGL/DBL/TPL Rooms on BB/HB/FB Basis
Child rates to be applied
Bookings will be taken only on availability
General terms and conditions of the merchant may apply.  
General Seylan Bank terms and conditions may apply",Valid until 30 March 2025,Enjoy 35% off with your Seylan Credit & Debit Cards,https://www.seylan.lk/uploads/ORPO7rsaMMBm7RV7RJgMrkgarqnN__TROPICAL%20LIFE%20DAMBULLA.jpg,https://www.seylan.lk/promotions/cards/leisure/tropical-life-dambulla-1
6,3,ARPICO SUPERMARKET DEBIT OFFER,,"This offer is applicable for all Seylan Debit Cardholders.
 Valid for bills above Rs.5000/-
 Maximum discount provided by the offer is Rs.1000/- 
Offer not valid for bulk purchases of more than 03 kgs of each item.
Offer Excludes- Liquor, Tobacco, Gift Vouchers,  Utility Bills & Pharmaceuticals,  Milk powder, infant food ,Rice, pulses(Dhal, chick peas, Dry beans, Green grams, cowpeas).
Offer valid only for instore purchases and not valid for online purchases.
Total payment should be settled from the card. Loyalty points redeemed bills and refunding bills are not entitled to the discount
General  terms and conditions of the Bank & Merchant apply",Offer valid on below dates:,10% total bill for bills above Rs.5000/- for Seylan Debit Cards,https://www.seylan.lk/uploads/ARPICO-NEW.jpg,https://www.seylan.lk/arpico-supermarket-debit-offer-1
6,3,ARPICO SUPERMARKET PROMO,,"This offer is applicable for Seylan Visa Signature &  World Mastercard Credit Cardholders.
Valid for bills above Rs.10,000/-
Maximum discount provided by the offer is Rs1,000/- 
Offer not valid for bulk purchases of more than 03 Kgs of each item.
Offer Excludes-  Liquor, Tobacco, Gift Vouchers,  Utility Bills & Pharmaceuticals,  Milk powder, Infant Food ,Rice, Pulses
Offer valid only for instore purchases and not valid for online purchases.
Total payment should be settled from the card. Loyalty points redeemed bills and refunding bills are not entitled to the discount
General  terms and conditions of the Bank & Merchant apply",Offer valid on below dates,Enjoy 10% off on the Total Bill for your Seylan Visa Signature & World Mastercard Credit Cards,https://www.seylan.lk/uploads/ARPICO-NEW.jpg,https://www.seylan.lk/promotions/cards/supermarket/arpico-1
6,3,GLOMARK,,"•    Offer availability -  All outlets (including essentials) & online www.glomark.lk 

Minimum Bill Value Rs.10,000
Maximum Discount Credit Rs.5,000 
Maximum Discount Debit Rs.4,000
Offer valid for one transaction per card, per day

•    Maximum 5 units/5kg per productOne transaction per card per day

*   Excluding categories

     *   , Over the Counter Products, Milk Foods, Eggs, Milk powder, Over the counter products, Malt products, Infant foods, Hot food, Whole chicken, Sugar, Flour, Rice, Pulses, Coconuts, Liquor, Tobacco, Gift vouchers, Electronics, Hampers, Pharmaceuticals, & Furniture",Offer valid on below dates:,25% off on Total Bill with your Seylan Credit Cards & 20% off on Debit Cards,https://www.seylan.lk/uploads/GLOMARK.png,https://www.seylan.lk/glomark-1
6,3,Keells,,"Offer valid only for Seylan Credit Cardholders.
Offer valid only for in-store purchases and not valid for online purchases.
Offer valid only on Fridays.
The Minimum bill value is  Rs. 5,000/-
The Maximum discount is Rs.1,250/-
Offer is valid up to 3kg or 3 units of the same item or the kind of item per day.
Nexus points & Seyan Cards Rewards Points encashments are not allowed for discounts
Offer cannot be combined with other offers at Keells during the promotion period 
Offer is not valid for packeted & processed meat
Seylan Bank reserves the right to amend/withdraw this offer at its sole discretion.
In the event of any dispute, the decision of the Bank shall be final.
General terms and conditions of the merchants may apply. 
Seylan Bank General Terms and conditions may apply.
The Bank reserves the right to discontinue the offer at any given time without prior notice.",Valid every Friday until 28 March 2025,"Enjoy 25% off on Fresh Vegetables, Fruits, Seafood & Meat for bills over Rs.5,000/- every Friday Stand a chance to win Cashback upto Rs.10,000.",https://www.seylan.lk/uploads/kU8lYQoK1sewIePMqmhuKH91PrXV__Keells-Seylan%20logo.png,https://www.seylan.lk/promotions/cards/supermarket/keells
6,3,SPAR,,"Offer valid only for Seylan Credit Cardholders.
20% Off on 29 March
The Minimum bill value is Rs.25,000 I Maximum Discount Rs.5,000
25% Off on 12 April
The Minimum bill value is Rs.15,000 I Maximum Discount Rs 3,750
Offer cannot be combined with other offers at Spar during the promotion period 
The total amount has to be paid from a Seylan Credit Card to claim the discount.
General terms and conditions of the merchants may apply. 
Seylan Bank General Terms and conditions may apply.,",Offer valid on below dates,Up to 25% off on Total Bill for Credit Cards,https://www.seylan.lk/uploads/SPAR-NEW-DEC-2022.jpg,https://www.seylan.lk/promotions/cards/supermarket/spar
6,4,GLORY SWIM SHOP,Tel No : 077 601 4081/ 0112 553555,"Discount not apply for sun cream
General terms and conditions of the merchant and bank apply",Valid on 10-12 April 2025,"20% off on total bill for credit cards, 15% off on total bill for debit cards",https://www.seylan.lk/uploads/glory.png,https://www.seylan.lk/glory-swim-shop-1
6,4,CIB (WIJAYA GROUP OF COMPANIES),,"Maximum transaction limit Rs.25,000/-
General terms and conditions apply",Valid on 09 &10 April 2025,20% off on total bill for Credit Cards & 10% off for Debit Cards,https://www.seylan.lk/uploads/CIB-COMPILE-NEW.jpg,https://www.seylan.lk/cib-wijaya-group-of-companies-1
6,4,SOFTLOGIC BRANDS,,"10% off for Debit Cards
•    ODEL
•    ODEL Brands outlet store
•    Cotton Collection
•    COCO
•    ODEL Sports (Selected Items)
•    Galleria (Excluding watches)
•    Luv SL
•    Levi’s
•    Calvin Klein
•    Armani Exchange
•    Tommy Hilfiger
•    Mango
•    Charles & Keith
•    Aldo
•    Nike
•    Adidas
•    Adidas Originals
•    Samsonite 
•    Yamamay
•    Carpisa
•    Vero Moda
•    Toys Store
 
Offer valid online via odel.lk as well
Maximum txns limit Rs.25,000/-
General terms and conditions of the merchant and bank apply",Valid on 08 & 09 April 2025,25% off for Seylan Visa Signature & World Mastercard Cards,https://www.seylan.lk/uploads/SOFTLOGIC-BRANDS-COMPILATION.jpg,https://www.seylan.lk/softlogic-brands-special-promo-1
6,4,ODEL,,"25% Seylan Visa Signature & World Mastercard Cards i 10% Debit Cards
Max txns value eligible fo discount is Rs.25,000/-
Offer not valid for Gift vouchers and non discountable items
General terms and conditions of the merchant may apply.",Valid on 08 & 09 April 2025,Upto 25 % off Store wide for Seylan Visa Signature & World Mastercard Cards,https://www.seylan.lk/uploads/NEFVENJNFsXzPuSncgwQiAgWCWhG__odel.png,https://www.seylan.lk/promotions/cards/style/odel
6,4,Cotton Collection,,"This offer is valid for Seylan Credit & Debit Cardholders
Maximum txns amount  valid for discount is Rs.25,000/-
General terms & conditions of the merchant may apply",Valid on 08 & 09 April 2025,"25% off on total bill for Credit Cards, 10% off on total bill for Debit Cards",https://www.seylan.lk/uploads/6yYEVJ5nKb2G0ek4Cyta9b0ce13z__Cotton%20collection.png,https://www.seylan.lk/promotions/cards/style/cotton-collection
6,4,MIDNIGHT DIVAS,,"Offer valid for Seylan Credit & Debit Cards only
Offer valid instore only
Excluding Durex and Skins, Vush and Orgie products
General terms and conditions of the merchant and bank apply",Valid from 07-09 April 2025,Enjoy 15% off for Seylan Credit & Debit Cards,https://www.seylan.lk/uploads/midnight-divas.png,https://www.seylan.lk/midnight-divas-1
6,4,FASHION BUG,,"Valid instore & Online via www.fashionbug.lk
Offer valid for Seylan Credit & Debit Cards
Offer excludes  certain products
General terms and conditions of the merchant and bank apply
Maximum txns amount valid for discount is Rs.25,000/-",Valid on 07 & 08 April 2025,25% off on total bill for Credit Cards & 10% Off for Debit Cards,https://www.seylan.lk/uploads/fashion-bug.jpg,https://www.seylan.lk/fashion-bug-1
6,4,THILAKMA,,"Offer valid for Credit Cards only
Maximum Transaction valid for discount is Rs.25,000/-
General Terms and conditons of the Merchant & Bank Apply",Valid only on 04 April 2025,20% off on total bill with your Seylan Credit Cards,https://www.seylan.lk/uploads/THILAKMA.jpg,https://www.seylan.lk/thilakma-1
6,4,DOUBLE XL,,"Offer Valid at OGF Mall & Colombo 04 outlets
General Terms and conditions of the Bank & Merchant Apply",Valid on 03 & 04 April 2025,10% for Credit Cards and Debit Cards on Total Bill.,https://www.seylan.lk/uploads/double-XL.jpg,https://www.seylan.lk/double-xl-1
6,4,FIG,,"General terms and conditions of the merchant may apply.  
Offer valid at 106, Thimbirigasaya, Colombo 05",Valid from  01-15 April 2025,"20% off on total bill for Credit cards, 15% off on total bill for Debit Cards",https://www.seylan.lk/uploads/FIG.jpg,https://www.seylan.lk/fig-1
6,4,STING,,"Offer valid for Seylan Credit and Debit Cards
CCC& OGF outlets
General terms and conditions of the merchant and bank apply",Valid on 31 Mar - 01 Apr 2025,"20% off on total bill for Credit Cards, 10% off on total bill for Debit Cards",https://www.seylan.lk/uploads/sting.jpg,https://www.seylan.lk/sting-1
6,4,AMANTE,,"General terms and conditions of the merchant and bank apply
amanté, Shop GS06, Racecourse Mall, Colombo 7.
amanté, No. 15, Marino Mall, Colombo 03
amanté, Shop 6A, Level 3, Kandy City Centre
amanté, 149, SDS Jayasinghe Mawatha, Nugegoda.
amanté , No. 349, Main Street, Negombo
amanté, Level 2 , shop 38, 1A Centre Road, OGF, Colombo 00200 
amanté Partner Store - Mawanella : No. 90 New Colombo Road, Mawanella 71500
General terms and conditions apply",Valid on 31 March & 01 April 2025,"20% off on total bill for credit cards, 10% off on total bill for debit cards",https://www.seylan.lk/uploads/amante.png,https://www.seylan.lk/amante-1
6,4,MOLLY BOULEVARD,,"Offer valid for Seylan Credit and Debit Cards
General terms and conditions of the merchant and bank apply",Valid from 31 March - 02 April 2025,20% off on total bill for Credit Cards and 10% off on Debit Cards,https://www.seylan.lk/uploads/MOLLY-BOULEVARD.jpg,https://www.seylan.lk/molly-boulevard-1
6,4,Zigzag,,"This offer is applicable for Seylan Credit & Debit Cardholders instore & online.
Promo Code for :SEY20
Offer will not be valid for purchasing of gift vouchers & already discounted products.
General terms and conditions of the merchant may apply.",Valid on 30 March to 01 April 2025,20% off with your Seylan Credit Card & Debit Cards,https://www.seylan.lk/uploads/2Ltv7ini5ZHy54vZ73lpPSy2iK0N__Zigzag.png,https://www.seylan.lk/promotions/cards/style/zigzag
6,4,GALIS,,"Pelawatta - 773, Pannipitiya Road, Pelawatta ,Battaramulla. (Tel: 0112875615)
Nugegoda- 132, High Level Road, Nugegoda. (Tel: 0112813123)
Kandy- 497, Peradeniya Road, Kandy. (Tel: 0817859109)
General terms and conditions apply",Valid on 29 & 30 March 2025,20% off for Seylan Credit Cards & 10% Debit Cards,https://www.seylan.lk/uploads/GALIS-LINGERIE.jpg,https://www.seylan.lk/galis-1
6,4,NEW MANEL FASHION HOUSE,,General terms and conditions of the Merchant & Bank Apply,Valid on 28 & 29 March 2025,10% off for Seylan Credit & 05% off for Debit Cards,https://www.seylan.lk/uploads/new-manel.png,https://www.seylan.lk/new-manel-fashion-house-1
6,4,THE FACTORY HUB,Tel No : 077-6446280.,"20% for Credit & 15% for Debit on March Offer
25% for Credit & 15% for Debit for April Offer
General Terms & Conditions of the Merchant & Bank Apply",Valid on below days,"Upto 25% off on total bill for Credit Cards, 15% off on total bill for Debit Cards",https://www.seylan.lk/uploads/Factory-Hub.jpg,https://www.seylan.lk/promotions/cards/style/the-factory-hub
6,4,Mondy,,"This offer is applicable for Seylan Credit & Debit Cardholders.
General terms and conditions of the merchant may apply.",Valid on 25 & 26 March 2025,Enjoy 15% off with your Seylan Credit & Debit Cards,https://www.seylan.lk/uploads/8ppNLeyGtb8hlnPcIYPT4DbaGqLQ__mondy.png,https://www.seylan.lk/promotions/cards/style/mondy
6,4,SUNIMALS,,General terms and conditions of the merchant and bank apply,Valid from 24 March - 20 April 2025,"15% off on total bill for Credit Cards, 10% off on total bill for Debit Cards",https://www.seylan.lk/uploads/sunimals.png,https://www.seylan.lk/sunimals-1
6,4,EDGE CASUALS,Tel No : 0768189633,"Offer valid only online via  www.edgecasual.com
General terms and conditions of the merchant and bank apply",Valid on  24 & 25 March 2025,Enjoy 25% off on Credit Cards and 15% off on Debit Cards on Total Bill.,https://www.seylan.lk/uploads/EDGE.jpg,https://www.seylan.lk/edge-1
6,4,CHENARA DODGE,,"Offer valid ayt Website & all Outlets : Colombo City Centre, Havelock City Mall, Kandy City Centre & Peradeniya Road, Kandy
Not applicable for ‘’already discounted products’’ | Maximum limit per invoice – LKR 20,000 | No Exchanges, No Refunds.
General Terms and conditions of the merchant and bank apply",Valid on 24 & 25 March 2025\,15% for Credit Cards and Debit Cards on total bill.,https://www.seylan.lk/uploads/CHENARA-DODGE.jpg,https://www.seylan.lk/chenara-dodge-1
6,4,Nithijaya & Queen Nithijaya,,"This offer is applicable for Seylan Credit & Debit Cardholders.
General terms and conditions of the merchant may apply.",Valid from 24-31 March 2025,Enjoy 25% off with your Seylan Credit & Debit Cards,https://www.seylan.lk/uploads/FHk16PyY24Vc7iOg9AGejSYV8eEM__Nithijaya.png,https://www.seylan.lk/promotions/cards/style/nithijaya
6,4,ROMAFOUR,,General Terms and conditions of the Merchant & Bank Apply,Valid from 23- 27 March & 05-07 April 2025,20% off on total bill for Seylan Credit & 10% off for Debit Cards,https://www.seylan.lk/uploads/romafour.png,https://www.seylan.lk/romafour-1
6,4,Prasad Textiles,,"This offer is applicable for Seylan Credit & Debit Cardholders.
Offer valid at Kottawa,Homagama,Matara & Piliyandala
General terms and conditions of the merchant may apply.",Valid on 22 March & 05 April 2025 ( 02 Days),Enjoy 25% off with your Seylan Credit & 10% off for Debit Cards,https://www.seylan.lk/uploads/90ulSaUkbhCuNEd3qP25e1qRSele__prasad%20textiles.png,https://www.seylan.lk/promotions/cards/style/prasad-textiles
6,4,Prasad Fashion Square,,"This offer is applicable for Seylan Credit & Debit Cardholders.
General terms and conditions of the merchant may apply.",Valid on 22 March & 05 April 2025 (02 Days),Enjoy 25% off with your Seylan Credit & 10% off with Debit Cards,https://www.seylan.lk/uploads/PRASAD-FASHION-SQUARE.jpg,https://www.seylan.lk/promotions/cards/style/prasad-fashion-square
6,4,SUPUL,,"Maximum Discount will be 7,500/- 
Offer will not be applicable on Promotional Items, Cosmetics, Perfumes and Gift Vouchers. 
General terms and conditions of the merchant and bank apply",Valid on 21 & 29 March 2025,15% for Credit Cards on total bill,https://www.seylan.lk/uploads/SUPUL-2.jpg,https://www.seylan.lk/supul
6,4,Dilly & Carlo,,"Maximum Txns Value Rs.25000/-
This offer is applicable for Seylan Credit & Debit Cardholders only 
Will not be applicable for other labeled products, already discounted products, gift vouchers.
General Terms and conditions of the Merchant and Bank apply",Valid on 21 March 2025,Enjoy 20% with your Seylan Credit & 10 % with Seylan Debit Card,https://www.seylan.lk/uploads/dilly-&-carlo.jpg,https://www.seylan.lk/promotions/cards/style/dilly-carlo
6,4,MIMOSA,,"Offer valid at all Outlets
Offer valid Instore & via www.mimosa.lk
General terms and conditions apply",Offer valid on 19 & 20 Mar 2025,Enjoy 20% off for Seylan Credit Cards & 10% off for Debit Cards,https://www.seylan.lk/uploads/mimosa.jpg,https://www.seylan.lk/Seylan%20card/promotions/style/mimosa
6,4,THE VANTA STUDIOS,,"Offer Valid for Seylan Credit & Debit Cards
Offer valid Instore & www.thevantastudios.lk
General Terms and conditions apply",,Enjoy 20% off for Seylan Credit Cards & 10 % off for Seylan Debit Cards,https://www.seylan.lk/uploads/TVS.jpg,https://www.seylan.lk/vanta-studio
6,4,Nadiyas,,"This offer is applicable for Seylan Credit & Debit Cards
Maximum transaction limit Rs.25,000/-
General terms and conditions of the merchant may apply.",Valid 19 & 31 March 2025,Enjoy up to 20% off with your Seylan Cards,https://www.seylan.lk/uploads/yrnZQJN1zGZzSMino9B9BvBskBpG__nadiyas.png,https://www.seylan.lk/promotions/cards/style/nadiyas
6,4,EMERALD,,"Offer Valid at Battaramulla outlet ONLY.
Offer valid in store & online via www.emerald.lk
Maximum txns limit Rs.25,000/-
Offer not valid for already discounted items and gift vouchers
Terms and conditions of the Merchant & Bank Apply",Valid on 18 & 19 March 2025,Enjoy 25% off for Seylan Credit Cards & 10% off for Seylan Debit Cards,https://www.seylan.lk/uploads/EMERALD-NEW.jpg,https://www.seylan.lk/promotions/cards/style/emerald
6,4,COTTON ISLAND,,"Offer valid for Seylan Credit and Debit cards
General terms and conditions of the merchant and bank apply",Valid from 18-20  March 2025,"15% off on total bill for credit cards, 10% off on total bill for debit cards",https://www.seylan.lk/uploads/cotton-island.png,https://www.seylan.lk/cotton-island-1
6,4,CROCODILE,,"Offer is valid only for Seylan Credit & Debit Cards.
Maximum txns limit Rs.35,000/-
Offer valid Instore & online via www.crocodilesrilanka,com
General terms and conditions of Merchant & Bank apply",Offer is valid on 18 & 19 March 2025,25% off for all other Seylan Credit Cards & 10% off for Seylan Debit Cards,https://www.seylan.lk/uploads/CROCODILE.jpg,https://www.seylan.lk/promotions/cards/style/crocodile
6,4,SWX,,"Offer Valid for instore purchases
Max txns limit valid for is Rs.25000/-
General Terms and conditions of the merchant and bank apply",Valid on 18 & 19 March 2025,25% off on total bill for all other Credit Cards I 10% off on total bill for Debit Cards,https://www.seylan.lk/uploads/SWX.jpg,https://www.seylan.lk/swx-1
6,4,COOL PLANET,,"20% off on 18th March 2025
25% off on 31st March 2025
Offer valid at All Cool Planet  I Exibit I Nick Nack & Moonstone Outlets & online on www,coolplanet.lk
Promo Code Credit Card - 25CCSEY
Promo Code Debit Card -  25DCSEY
Max txns limit entitled for discount is Rs.25,000/-",Offer valid on  18 & 31 March 2025 ( 02 Days),"Upto 25% off on Total Bill for Credit Cards, 10% off on Total Bill for Debit Cards",https://www.seylan.lk/uploads/cool-planet.png,https://www.seylan.lk/cool-planet-1
6,4,HANDLOOM GALLERY,,General terms and conditions of the merchant apply.,Valid on 17- 20 March 2025,15% for Credit Cards on Total Bill.,https://www.seylan.lk/uploads/HANDLOOM-GALLERY.jpg,https://www.seylan.lk/handloom-gallery-1
6,4,Level Outfitters,,"This offer is applicable for Seylan Credit & Debit Cardholders.
General terms and conditions of the merchant may apply.",Valid on 16 & 17 March 2025,Enjoy 20% off with your Seylan Credit Card I 15% off with your Seylan Debit Card,https://www.seylan.lk/uploads/RsB0fXuQ3Si6a4w7IDQh9g2mWt5a__Level%20outfitters.png,https://www.seylan.lk/promotions/cards/style/level-outfitters
6,4,BRANDS WAREHOUSE,,General terms and conditions of the merchant and bank apply,Valid from 15-17 March I 08-09 Apr 2025,"20% off on total bill for credit cards, 15% off on total bill for debit cards",https://www.seylan.lk/uploads/brands-warehouse.jpg,https://www.seylan.lk/brands-warehouse-2
6,4,SAREE MANDIR,,General terms and conditions apply,Valid from  12 Mar - 15 April 2025,15% OFF FOR SEYLAN CARDS,https://www.seylan.lk/uploads/sare-mandir.jpg,https://www.seylan.lk/saree-mandir-1
6,4,Spring & Summer,,"This offer is applicable for Seylan Credit & Debit Cardholders.
Mother's day Offer - 20% off on Credit & 10% off on Debit
Promo Code: Credit Cards: SSSEY20 for 20% off
                       Debit Cards: SSSEY10 for 10% off
 
Avurudu Offer - 25% off on Credit & 10% off on Debit
Valid online & Instore
Excluding the below products 
Gift Vouchers
 Already Discounted Item
Cosmetics
Surgical Mask & KN95 Mask
General terms and conditions of the merchant may apply.",Mother's day offer - Valid  on 08-09 March 2025,Enjoy upto 25% off for Seylan Credit & Debit Cards,https://www.seylan.lk/uploads/sf4uifrZAynWHzNxuxS1ad3ZEpAC__Spring%20and%20Summer.png,https://www.seylan.lk/seylan%20cards/promotions/style/spring-summer
6,4,TFO,,"Ramazan Offer 25% Credit & 15% Debit Cards
Avurudu Offer 20% Credit & 15% Debit Cards
General terms and conditions of the merchant and bank apply",Offer valid 01 & 02 March 2025 (Ramazan Offer),"Upto 25% off on total bill for Credit Cards, 15% off on total bill for Debit Cards",https://www.seylan.lk/uploads/TFo.png,https://www.seylan.lk/tfo-1
6,4,DOWNTOWN,,"•  Offer available locations - 1. Down Town Clothing Store, No:132, Colombo Rd, Maharagama.                                                                                                                    
                                             2. Down Town Clothing Store, No:173, High Level Rd, Maharagama.                                                                                                               
                                             3. Down Town Clothing Store (MOKOSH), No:77, High Level Rd, Homagama.
•  Min. bill - Rs.15,000/-
• Offer applied for Garment wears only.",Offer valid on 17 & 18 April 2025,10% off with your Seylan Cards,https://www.seylan.lk/uploads/DOWNTOWN.jpg,https://www.seylan.lk/downtown-1
6,4,THE DEEP END BY GLORY,Tel No : 077 601 4081/ 0112 554254,"Discount not apply for sun cream
General terms and conditions of the merchant and bank apply",Valid from 10-12 April 2025,"20% off on total bill for credit cards, 15% off on total bill for debit cards",https://www.seylan.lk/uploads/DEEPEND.jpg,https://www.seylan.lk/the-deep-end-by-glory-1
6,4,Kingsman Perennial,Tel No : 0114 856 990,"15% off for Credit Cards
7.5% off for Debit Cards
Minimum Spend LKR 15,000. Maximum LKR 200,000
Not applicable on perfumes & leather products
Cannot be used in combination with other in store offers
General terms & conditions apply",Valid from 07-12 April 2025,Enjoy upto 15% off with your Seylan Cards,https://www.seylan.lk/uploads/KINGSMAN.jpg,https://www.seylan.lk/kingsman-perennial-1
6,4,Stripes & Checks Inc,,"This offer is applicable for Seylan Credit  & Debit Cardholders.
Offer valid instore & online
General terms and conditions of the merchant may apply.",Valid on 07 & 08 April 2025,Enjoy 20% off with your Seylan Credit & 10% Seylan Debit Cards,https://www.seylan.lk/uploads/HfW1wztvdTP4oMS6iiccSGwLUYYi__Stripes%20&%20Checks.png,https://www.seylan.lk/promotions/cards/style/stripes-checks-inc-1
6,4,WINMART,,General terms & conditions apply,Valid on 05 & 06 April 2025,Enjoy upto 20% Off with your Seylan Cards,https://www.seylan.lk/uploads/WIN-MART.jpg,https://www.seylan.lk/winmart-1
6,4,NORA REED,,General terms and conditions apply,Valid on 05 & 06 April 2025 ( 02 days),10% off on Total Bill with your Seylan Cards,https://www.seylan.lk/uploads/NORA-REED.jpg,https://www.seylan.lk/nora-reed-1
6,4,SAHELI,,"15% FOR CREDIT CARDS

10% FOR DEBIT CARDS

GENERAL TERMS AND CONDITIONS  APPLY",Valid on 05 & 06 April 2025,UPTO 15% OFF WITH YOUR SEYLAN CARDS,https://www.seylan.lk/uploads/saheli-matara.jpg,https://www.seylan.lk/saheli-1
6,4,ENULI FASHION,,General Terms and Conditions apply,Valid on 03 & 04 April 2025,15% for Credit Cards and 10% for Cebit Cards on total bill with your Seylan Cards,https://www.seylan.lk/uploads/ENULI-FASHION.jpg,https://www.seylan.lk/enuli-fashion-1
6,4,A5 RETAIL,,"Offer valid fro bills over Rs.5.000/-
General terms & conditions apply",Valid from 01- 03 April & 15-19 April 2025,25% off on total bill for Seylan Cards,https://www.seylan.lk/uploads/A5-RETAIL.jpg,https://www.seylan.lk/a5-retail-1
6,4,ASB FASHION,,"Maximum Transaction limit eligible for discount is Rs.25,000/-
General terms and conditions apply.",Valid on 30th March & 10th April 2025 (02 Days),20% off on total bill for Seylan Credit Cards & 10% off for Debit Cards,https://www.seylan.lk/uploads/ASB.jpg,https://www.seylan.lk/asb-fashion-1
6,4,DOMINGOS,,General terms and conditions apply,Valid on 29 & 30 March 2025,20% off on total bill for credit cards & 10% off for debit cards,https://www.seylan.lk/uploads/domingos.jpg,https://www.seylan.lk/domingos-1
6,4,EL CLUB,,"10% Off Debit Cards
Gemeral terms & conditions apply",Valid on 29 & 30 March 2025,15% OFF WITH YOUR SEYLAN CREDIT CARDS,https://www.seylan.lk/uploads/EL-CLUB.jpg,https://www.seylan.lk/el-club-1
6,4,RV Fashion,,"15% Seylan Credit & 10% Debit Cardholders.
Valid at Jaela.Kandana,Negombo & Battaramulla outlets & online
General terms and conditions of the merchant may apply.",Valid on,Enjoy upto 15% off with your Seylan Credit & 10% Debit Cards,https://www.seylan.lk/uploads/3LiMQCOvVCgEDrwE3V8e3VtZu7L9__RV%20Fashion.png,https://www.seylan.lk/promotion/cards/style/rv-fashion
6,4,NIRMANI DRESSPOINT,,"Offer I                 : 20% Credit Card & 10% Debit Card 

Conditions          : Maximum Transaction limit entitled for the discount is Rs.25000/-

Offer II                : 10% Debit Card 

General terms & conditions apply",,Upto 20% Off with your Seylan Cards,https://www.seylan.lk/uploads/NIRMANI-.jpg,https://www.seylan.lk/nirmani-dresspoint-1
6,4,Leesh Clothing,,"valid for all bills values above Rs. 5000/-
General terms & conditions apply",Valid on 28 March & 05 april 2025,10% off on total bill for Credit & Debit Cards,https://www.seylan.lk/uploads/LEESH.jpg,https://www.seylan.lk/leesh-clothing-1
6,4,SARATHCHANDRA TEXTILES,,General Termns and conditions apply,Valid on 27 & 28 March & 03 April 2025,15% for Credit Cards and 10% for Debit Cards on Total Bill.,https://www.seylan.lk/uploads/SARATHCHANDRA-TEX.jpg,https://www.seylan.lk/sarathchandra-textiles-1
6,4,BAYLEEE,,"Offer valid for Seylan Credit & Debit Cards
Oultlets: Colombo City Center, 02nd Floor & No.65,Thimbirigasyaya Road, Colombo 05
General terms & conditions apply",Valid from 26 -28 March 2025,20% Off with your Seylan Cards,https://www.seylan.lk/uploads/BAYLEEE.jpg,https://www.seylan.lk/bayleee-1
6,4,JOEY,,"Maximum discount Rs.5000/-
General terms and conditions apply",Valid from 25-28 March 2025,20% off for Seylan Credit Cards & 10% Debit Cards,https://www.seylan.lk/uploads/joey.jpg,https://www.seylan.lk/joey-1
6,4,MOLLY FASHION CIRCLE,,"Offer valid at :

 No. 64, Tissa Mawatha, Kuliyapitiya
No 62/1, Kandy Road, Wattegama
Infront of Ananda College, Colombo Road, Chilaw
General terms & conditions apply",Valid on 24 & 25 March 2025,10% off on Total Bill with your Seylan Cards,https://www.seylan.lk/uploads/molly-fashion-circle.jpg,https://www.seylan.lk/molly-fashion-circle-1
6,4,ZUZI,,"Minimum transaction amount Rs.25,000/-
General Terms & Conditions of the merchant & bank apply",Valid on 23 March & 06 April 2025,20% off for Seylan Credit Cards & 10% Debit Cards,https://www.seylan.lk/uploads/zuzi-new.jpg,https://www.seylan.lk/zuzi-1
6,4,LURRELI,,General terms and conditions apply,Valid from 21 - 23 March 2025,20% OFF CREDIT CARDS & 10% FOR DEBIT CARDS,https://www.seylan.lk/uploads/lurreli.jpg,https://www.seylan.lk/lurreli-1
6,4,OPAL,,"Opal Fashion Pvt Ltd -High Level Road ,Nugegoda
Opal Fashion Pvt Ltd -High Level Road , Maharagama
General terms & conditions apply",Valid on 21 March 2025,25% off on total bill for Credit & 10% off for Debit Cards,https://www.seylan.lk/uploads/OPAL.jpg,https://www.seylan.lk/opal-1
6,4,HEMANTHA TEXTILES,,"Hemantha Textiles Pvt Ltd -Highlevel Road - Maharagama 
Hemantha textiles pvt ltd-Main Road, Kaduwela

General terms & conditions apply",Valid on 21 March 2025,25% off on total bill for Credit & 10% off for Debit Cards,https://www.seylan.lk/uploads/HEMANTHA-TEX.jpg,https://www.seylan.lk/hemantha-textiles-1
6,4,STUDIO CLOTHING,,"Valid at Colombo & Negombo outlets
General terms and conditions apply",Valid on 20th & 21st of March and 11th of April (03 Days),Upto 20% off with your Seylan Cards,https://www.seylan.lk/uploads/STUDIO.jpg,https://www.seylan.lk/studio-clothing-1
6,4,SINGHE AUTO CARE,"Tel No : 170 Stanley Thilakarathna Mawatha, Nugegoda","Offer valid for bills over Rs.15,000/-


•    Tinted Sticker 15%
•    Interior Plastic Protection Sticker 15%
•    Paint Protection Sticker 15%
•    Nakamichi NAM 5260 Android Player 10%
•    Nakamichi NBF10.3 Underseat Subwoofer 10%
•    3D Carpet 10%
•    Bosch Horn 10%
•    LED Head Lamp Bulb (9005/9006/h11/h4) 10%",Valid from 10 March - 30 April 2025,SPECIAL DISCOUNTS UPTO 15% OFF FOR SERVICES WITH YOUR SEYLAN CARDS,https://www.seylan.lk/uploads/singhe-auto-care.jpg,https://www.seylan.lk/singhe-auto-care-1
6,4,NOLIMIT,,"Valid at all NOLIMIT store and www.nolimit.lk 
Maximum bill value – Rs.25,000
This offer does not apply to gift card purchases.
This offer cannot be combined with existing promotions",Valid on 18 March & 01 April 2025,"25% off on total bill for Credit Cards,",https://www.seylan.lk/uploads/no-limit.jpg,https://www.seylan.lk/nolimit-1
6,4,FASHION BUG DEBIT OFFER,,"Excluded items :
Already discounted products & Priced reduced products
Gift Vouchers
Selected Sarongs
General terms & conditions apply",Valid on 15 & 16 March 2025,15% OFF ON TOTAL BILL WITH YOUR SEYLAN CARDS,https://www.seylan.lk/uploads/fashion-bug.png,https://www.seylan.lk/nolimit-debit-offer-1
6,4,THE COMFORT STORE,,"10% for Debit Cards
General terms & conditions apply",Valid on 15 & 16 March 2025,Enjoy upto 15% off with your Seylan Cards,https://www.seylan.lk/uploads/COMFORT-ON.jpg,https://www.seylan.lk/comfort-on-1
6,4,FRONT LINE BALANGODA,,"10% Off on Debit Cards
General terms & conditions apply",Valid on 15 March & 01 April 2025 (02 Days),Enjoy 20% off with your Seylan Credit Cards,https://www.seylan.lk/uploads/FRONTLINE.jpg,https://www.seylan.lk/front-line-2
6,4,TOFO,,"Offer valid on https://lovetofo.com
General terms & conditions apply",Valid from 15 March - 17 April 2025,15% off on Credit and 10% off on Debit Cards,https://www.seylan.lk/uploads/TOFO.jpg,https://www.seylan.lk/tofo-1
6,4,NEW CROWN FASHION,,General terms & conditions apply,Valid from 15 mar - 15 April 2025,10% off on total bill for Credit & Debit Cards,https://www.seylan.lk/uploads/CROWN-FASHION.jpg,https://www.seylan.lk/new-crown-fashion-1
6,4,STREET 82,,"•    Offers valid on both online & Offline channels (ST82 Flagship store - Havelock City Mall & site: www.street82.com )
•    20% off on Orange Tag products only 
•    This offer cannot be exchanged for cash and/or used in conjunction with other offers/promotions available in STREET82. ( as discount cards, promotional vouchers and in house offer discount cards, etc. )
•    if any dispute arises regarding any of the terms and conditions contained herein, the decision of the STREET82 and Seylan Bank shall be final.",Valid from 14 March - 15 April 2025,20% Off with your Seylan Cards,https://www.seylan.lk/uploads/STREET-82.jpg,https://www.seylan.lk/street-82-1
6,4,ROUGH,,"Valin for Online purchase for above Rs 5000/-
Website - www.rough.lk",Valid on below dates,20% Off with your Seylan Cards,https://www.seylan.lk/uploads/Rough.jpg,https://www.seylan.lk/rough-1
6,4,EVIVE.LK,,"Link: https://evive.lk/collections/deals
General terms & conditions apply",Valid from 10 March - 15 April 2025,UPTO 50% OFF WITH YOUR SEYLAN CARDS,https://www.seylan.lk/uploads/EVIVE.LK.jpg,https://www.seylan.lk/evivelk-1
6,4,Rashmi Dress Point,Tel No : 036 2222018,"Offer valid for Seylan Credit & Debit Cards
The 10% discount is applicable on bills of 7500 and above. 
This offer cannot be combined with any other promotions or discounts.
General terms & conditions apply",Valid from 10-16 March 2025,10% OFF WITH YOUR SEYLAN CARDS,https://www.seylan.lk/uploads/RASHMI.jpg,https://www.seylan.lk/rashmi-dress-point-1
6,4,Avirate,,"Offer valid at :

Flagship store - 30, Maitland Crescent,
Colombo 7,
Sri Lanka.

Kandy Store - Level 3
Shop #6B
5, Dalada Veediya,
Kandy,
Sri Lanka.
 

Cardholder must present the card when redeeming
Offer cannot be in conjunction with any other offers or deals. 
General terms and conditions apply.",Valid from 07-09 March 2025 & 31 March - 01 April  2025,20% off for Seylan Credit Cards 15% off for Seylan Debit Cards,https://www.seylan.lk/uploads/k3jQLOyTusPN1rUFp5FRQ4tQP7oL__Avirate.png,https://www.seylan.lk/avirate
6,4,KREATIONS HOUSE OF COTTON,,"Discounts are not applicable for purchases of Fabrics & Gift Vouchers
General terms and conditions apply

Outlets:
1. Borella - No.213, Castle Street, Colombo 08.
2. Wattala - No.566A, Negombo Road, Wattala.
3. Mount Lavinia - No.191A, Galle Road, Mount Lavinia.
4. Wellawatte - No.402, Galle Road, Colombo 06.",Valid on below dates,15% off for Seylan Credit Cards & 10% Debit Cards,https://www.seylan.lk/uploads/KREATIONS.jpg,https://www.seylan.lk/kreations-house-of-cotton-1
6,4,DISEL FASHION,,General terms & conditions apply,Offers valid on,Enjoy 15% off with your Seylan Cards,https://www.seylan.lk/uploads/DISEL-FASHION.jpg,https://www.seylan.lk/disel-fashion-1
6,4,HARSHA FASHION,,General terms & conditions apply,Offers valid on,Enjoy 15% off with your Seylan Cards,https://www.seylan.lk/uploads/Harsha-Fashion.jpg,https://www.seylan.lk/harsha-fashion-1
6,4,KIRSCHE,Tel No : +94 70 237 0123,"Valentines Promo : 20% Off for Seylan Credit & Debit Cards
Period : 10 - 16 Feb 2025
Avurudu Promo : 20% Off for Seylan Credit & Debit Cards
Period : 10 March - 30 April 2025
General terms & conditions apply.",,20% Off with your Seylan Cards,https://www.seylan.lk/uploads/KIRSCHE.jpg,https://www.seylan.lk/kirsche-1
6,4,DSI,,"Above discount is not applicable for discounted, price reduced and items that are used for other promotions
This offer is not valid for school shoes. 
Offer only valid at DSI showrooms,Factory outlets,Franchise outlets        
The offer cannot be used in conjunction with other promotions.
Max transaction amount for discount Rs.40,000/- per card per day
General Terms & Conditions of the Merchant & Bank apply",Valid on 07 April 2025,15% for Seylan Credit Cards & 10% For Debit Cards,https://www.seylan.lk/uploads/YERxx3VDdDJSTMzBT1kKpEbv50fr__DSI.jpg,https://www.seylan.lk/promotions/cards/shoes-accessories/dsi
6,4,DSI PREMIER,,"Above discount is not applicable for discounted, price reduced and items that are used for other promotions
Offer only valid at DSI PREMIER showrooms & Exclusive Brand Outlets on availability (Adidas,Clarks,asics Fila,Modare,Moleknha,Moleca,Vizzano,Puma,Red Tape,Reebok,Won Wllx, US Polo & Avi)
This offer is not valid for school shoes.    
The offer cannot be used in conjunction with other promotions.
Max transaction amount for discount Rs.40,000/- per card per day
General Terms & conditions of the Merchant & Bank apply",Valid on 07 April 2025,30% off on total bill for Credit Card & 10% off for Debit Cards,https://www.seylan.lk/uploads/LyGgf9Jts7oehJvo8CFx5XP4izcr__DSI%20PREMIER.jpg,https://www.seylan.lk/promotions/cards/shoes-accessories/dsi-premier
6,4,BATA,,"Offer valid for Seylan Credit & Debit Cards at Islanwide Bata Stores
General Terms & Conditions of the Merchant & Bank Apply",Offer valid from 27th - 30th  March 2025  &  4th - 9th April 2025,Upto 15% off on total bill for Credit & Debit Cards,https://www.seylan.lk/uploads/HjQVn4w49z1zmidbTi1YHQv1Zo5w__BATA.jpg,https://www.seylan.lk/promotions/cards/shoes-accessories/bata
6,4,Helanka Shoes,,"15% off for Seylan Credit & 10% off for Debit Cardholders for bills Rs.6,000/-
Valid at showrooms in Eheliyagoda,Ratnapura,Maharagama & Piliyandala.
General terms and conditions of the Merchant & Bank apply.",Valid on 26 & 27 March I 02 & 07 April ( 04 days),Upto 15% off on your Seylan Credit & Debit Cards,https://www.seylan.lk/uploads/kSHIR23RuykrFydlHZ0fUHw6C4Wg__Helanka.png,https://www.seylan.lk/promotions/cards/shoes-accessories/helanka
6,4,BIRKENSTOCK,,General terms & conditions apply,Valid on 31 March & 01 April 2025,20% Off with your Seylan Cards,https://www.seylan.lk/uploads/BIRKENSTOCK.jpg,https://www.seylan.lk/birkenstock-1
6,4,K PLUS,,"Offer valid  for Bills over Rs.6,000 at Kurunegala Outlet only.
Maximum transaction limit Rs.75,000/-
General Terms and Conditions apply",Valid on 26 & 27 March I 02 & 07 April 2025 ( 04 days),15% off for Credit Cards & 10% off for Debit Cards,https://www.seylan.lk/uploads/K-PLUS.jpg,https://www.seylan.lk/k-plus-1
6,4,TONYPELLE,,"10% for Debit Cards.
Maximum discount Rs.5,000/-
Valid at Nugegoda showroom & www.tonypelle.lk
General terms and conditions apply.",Valid from 19-21 March 2025,15% OFF FOR SEYLAN CREDIT CARDS,https://www.seylan.lk/uploads/TONY-PELLE.jpg,https://www.seylan.lk/tonypelle-1
6,4,Abans,Tel No : +94 11 5 77 5000 +94 11 2 37 6000 +94 11 5 77 8950,"•Offer Valid at 

Abans Retail - 0%, 6M,12M, 24M & 60M Instalment Plans Available. Contact Merchant to Convert
Abans Elite  - 0%, 6M,12M, 24M & 60M Instalment Plans Available. Contact Merchant to Convert
Abans Apple Showrooms - 0%, 6M,12M, 24M & 60M Instalment Plans Available. Contact Merchant to Convert
Abans Auto   - 0%, 6M,12M,24M & 60M Instalment Plans Available. Contact Merchant to Convert

•    Min Transaction Rs. 10,000 and maximum Rs.1 mio
•    General terms and conditions apply

Seasonal Offer up to 45% off 
From : 03 March - 15 April 2025 

Millions worth of free gifts throughout the promotion period via weekly raffle draws (Prizes include Refrigerators, TVs, Washing Machines, Laptops, and Smartphones",EPP valid until 31 Dec 2025,"0%, 6M, 12M,24M & 60M Instalment Plans Available with your Seylan Credit Cards",https://www.seylan.lk/uploads/ABANS.png,https://www.seylan.lk/promotions/cards/gadgets/abans-elite
6,4,Singer Sri Lanka,,"Valid at all Singer/Singer Mega & online
General terms and conditions of the Merchant & Bank apply.",Valid from 01-30 April 2025,Upto 60% off on selected products with Easy Payment Plans your Seylan Credit Card,https://www.seylan.lk/uploads/SINGER-COMPOSITE.jpg,https://www.seylan.lk/promotions/cards/electronics/singer
6,4,SYNNEX IT SOLUTION PVT LTD,Tel No : Nadeesha : 0743916567 Piumi :0743916564,"www.synnex.lk

Discount for Debit and Credit Cardholders
•    Up to 10% for Credit cards
•    Up to 15% for Debit cards

Terms and Conditions
•    Call 011 2008888 to convert
•    Min Transaction Rs.10,000 and maximum Rs.1 mio
•    General terms and conditions apply",Valid until  30 April 2025,"Up to 10% off with 0% Instalment plans for 3M,6M & 12M with your Seylan Credit Cards",https://www.seylan.lk/uploads/SYNNEX.jpg,https://www.seylan.lk/synnex-it-solution-pvt-ltd-1
6,4,SALA ENTERPRISES,,"Call 0112008888 to convert
Minimum Transaction Rs.10,000 and maximum Rs.1 mio
Customer should mention whether its and online or instore transaction at the time of making the conversion to EPP
Offer valid instore and online
General terms and conditions apply",Valid until 31 Dec 2025,"0%, 3M, 6M & 12M Instalment plans Available for Seylan Credit Cards",https://www.seylan.lk/uploads/sala.jpg,https://www.seylan.lk/sala-enterprises-1
